"Subtype","HA","Numbering_Scheme","Full_HA_Position","Numbering_Position","HA_Region","Numbering_Label","Manual_Aligned_AA","Full_Consensus_AA","Matches_Full_Consensus","Is_Alignment_Gap","Mapping_Method","Segment_Mismatch_Count","Source_Header"
"H1N1","H1","H1 numbering",18,7,"HA1","H1 HA1 7","D","D",TRUE,FALSE,"exact_ungapped_match",0,"H1_HA1(7-327)"
"H1N1","H1","H1 numbering",19,8,"HA1","H1 HA1 8","T","T",TRUE,FALSE,"exact_ungapped_match",0,"H1_HA1(7-327)"
"H1N1","H1","H1 numbering",20,9,"HA1","H1 HA1 9","L","L",TRUE,FALSE,"exact_ungapped_match",0,"H1_HA1(7-327)"
"H1N1","H1","H1 numbering",21,10,"HA1","H1 HA1 10","C","C",TRUE,FALSE,"exact_ungapped_match",0,"H1_HA1(7-327)"
"H1N1","H1","H1 numbering",22,11,"HA1","H1 HA1 11","I","I",TRUE,FALSE,"exact_ungapped_match",0,"H1_HA1(7-327)"
"H1N1","H1","H1 numbering",23,12,"HA1","H1 HA1 12","G","G",TRUE,FALSE,"exact_ungapped_match",0,"H1_HA1(7-327)"
"H1N1","H1","H1 numbering",24,13,"HA1","H1 HA1 13","Y","Y",TRUE,FALSE,"exact_ungapped_match",0,"H1_HA1(7-327)"
"H1N1","H1","H1 numbering",25,14,"HA1","H1 HA1 14","H","H",TRUE,FALSE,"exact_ungapped_match",0,"H1_HA1(7-327)"
"H1N1","H1","H1 numbering",26,15,"HA1","H1 HA1 15","A","A",TRUE,FALSE,"exact_ungapped_match",0,"H1_HA1(7-327)"
"H1N1","H1","H1 numbering",27,16,"HA1","H1 HA1 16","N","N",TRUE,FALSE,"exact_ungapped_match",0,"H1_HA1(7-327)"
"H1N1","H1","H1 numbering",28,17,"HA1","H1 HA1 17","N","N",TRUE,FALSE,"exact_ungapped_match",0,"H1_HA1(7-327)"
"H1N1","H1","H1 numbering",29,18,"HA1","H1 HA1 18","S","S",TRUE,FALSE,"exact_ungapped_match",0,"H1_HA1(7-327)"
"H1N1","H1","H1 numbering",30,19,"HA1","H1 HA1 19","T","T",TRUE,FALSE,"exact_ungapped_match",0,"H1_HA1(7-327)"
"H1N1","H1","H1 numbering",31,20,"HA1","H1 HA1 20","D","D",TRUE,FALSE,"exact_ungapped_match",0,"H1_HA1(7-327)"
"H1N1","H1","H1 numbering",32,21,"HA1","H1 HA1 21","T","T",TRUE,FALSE,"exact_ungapped_match",0,"H1_HA1(7-327)"
"H1N1","H1","H1 numbering",33,22,"HA1","H1 HA1 22","V","V",TRUE,FALSE,"exact_ungapped_match",0,"H1_HA1(7-327)"
"H1N1","H1","H1 numbering",34,23,"HA1","H1 HA1 23","D","D",TRUE,FALSE,"exact_ungapped_match",0,"H1_HA1(7-327)"
"H1N1","H1","H1 numbering",35,24,"HA1","H1 HA1 24","T","T",TRUE,FALSE,"exact_ungapped_match",0,"H1_HA1(7-327)"
"H1N1","H1","H1 numbering",36,25,"HA1","H1 HA1 25","V","V",TRUE,FALSE,"exact_ungapped_match",0,"H1_HA1(7-327)"
"H1N1","H1","H1 numbering",37,26,"HA1","H1 HA1 26","L","L",TRUE,FALSE,"exact_ungapped_match",0,"H1_HA1(7-327)"
"H1N1","H1","H1 numbering",38,27,"HA1","H1 HA1 27","E","E",TRUE,FALSE,"exact_ungapped_match",0,"H1_HA1(7-327)"
"H1N1","H1","H1 numbering",39,28,"HA1","H1 HA1 28","K","K",TRUE,FALSE,"exact_ungapped_match",0,"H1_HA1(7-327)"
"H1N1","H1","H1 numbering",40,29,"HA1","H1 HA1 29","N","N",TRUE,FALSE,"exact_ungapped_match",0,"H1_HA1(7-327)"
"H1N1","H1","H1 numbering",41,30,"HA1","H1 HA1 30","V","V",TRUE,FALSE,"exact_ungapped_match",0,"H1_HA1(7-327)"
"H1N1","H1","H1 numbering",42,31,"HA1","H1 HA1 31","T","T",TRUE,FALSE,"exact_ungapped_match",0,"H1_HA1(7-327)"
"H1N1","H1","H1 numbering",43,32,"HA1","H1 HA1 32","V","V",TRUE,FALSE,"exact_ungapped_match",0,"H1_HA1(7-327)"
"H1N1","H1","H1 numbering",44,33,"HA1","H1 HA1 33","T","T",TRUE,FALSE,"exact_ungapped_match",0,"H1_HA1(7-327)"
"H1N1","H1","H1 numbering",45,34,"HA1","H1 HA1 34","H","H",TRUE,FALSE,"exact_ungapped_match",0,"H1_HA1(7-327)"
"H1N1","H1","H1 numbering",46,35,"HA1","H1 HA1 35","S","S",TRUE,FALSE,"exact_ungapped_match",0,"H1_HA1(7-327)"
"H1N1","H1","H1 numbering",47,36,"HA1","H1 HA1 36","V","V",TRUE,FALSE,"exact_ungapped_match",0,"H1_HA1(7-327)"
"H1N1","H1","H1 numbering",48,37,"HA1","H1 HA1 37","N","N",TRUE,FALSE,"exact_ungapped_match",0,"H1_HA1(7-327)"
"H1N1","H1","H1 numbering",49,38,"HA1","H1 HA1 38","L","L",TRUE,FALSE,"exact_ungapped_match",0,"H1_HA1(7-327)"
"H1N1","H1","H1 numbering",50,39,"HA1","H1 HA1 39","L","L",TRUE,FALSE,"exact_ungapped_match",0,"H1_HA1(7-327)"
"H1N1","H1","H1 numbering",51,40,"HA1","H1 HA1 40","E","E",TRUE,FALSE,"exact_ungapped_match",0,"H1_HA1(7-327)"
"H1N1","H1","H1 numbering",52,41,"HA1","H1 HA1 41","D","D",TRUE,FALSE,"exact_ungapped_match",0,"H1_HA1(7-327)"
"H1N1","H1","H1 numbering",53,42,"HA1","H1 HA1 42","K","K",TRUE,FALSE,"exact_ungapped_match",0,"H1_HA1(7-327)"
"H1N1","H1","H1 numbering",54,43,"HA1","H1 HA1 43","H","H",TRUE,FALSE,"exact_ungapped_match",0,"H1_HA1(7-327)"
"H1N1","H1","H1 numbering",55,44,"HA1","H1 HA1 44","N","N",TRUE,FALSE,"exact_ungapped_match",0,"H1_HA1(7-327)"
"H1N1","H1","H1 numbering",56,45,"HA1","H1 HA1 45","G","G",TRUE,FALSE,"exact_ungapped_match",0,"H1_HA1(7-327)"
"H1N1","H1","H1 numbering",57,46,"HA1","H1 HA1 46","K","K",TRUE,FALSE,"exact_ungapped_match",0,"H1_HA1(7-327)"
"H1N1","H1","H1 numbering",58,47,"HA1","H1 HA1 47","L","L",TRUE,FALSE,"exact_ungapped_match",0,"H1_HA1(7-327)"
"H1N1","H1","H1 numbering",59,48,"HA1","H1 HA1 48","C","C",TRUE,FALSE,"exact_ungapped_match",0,"H1_HA1(7-327)"
"H1N1","H1","H1 numbering",60,49,"HA1","H1 HA1 49","K","K",TRUE,FALSE,"exact_ungapped_match",0,"H1_HA1(7-327)"
"H1N1","H1","H1 numbering",61,50,"HA1","H1 HA1 50","L","L",TRUE,FALSE,"exact_ungapped_match",0,"H1_HA1(7-327)"
"H1N1","H1","H1 numbering",62,51,"HA1","H1 HA1 51","R","R",TRUE,FALSE,"exact_ungapped_match",0,"H1_HA1(7-327)"
"H1N1","H1","H1 numbering",63,52,"HA1","H1 HA1 52","G","G",TRUE,FALSE,"exact_ungapped_match",0,"H1_HA1(7-327)"
"H1N1","H1","H1 numbering",64,53,"HA1","H1 HA1 53","V","V",TRUE,FALSE,"exact_ungapped_match",0,"H1_HA1(7-327)"
"H1N1","H1","H1 numbering",65,54,"HA1","H1 HA1 54","A","A",TRUE,FALSE,"exact_ungapped_match",0,"H1_HA1(7-327)"
"H1N1","H1","H1 numbering",66,55,"HA1","H1 HA1 55","P","P",TRUE,FALSE,"exact_ungapped_match",0,"H1_HA1(7-327)"
"H1N1","H1","H1 numbering",67,56,"HA1","H1 HA1 56","L","L",TRUE,FALSE,"exact_ungapped_match",0,"H1_HA1(7-327)"
"H1N1","H1","H1 numbering",68,57,"HA1","H1 HA1 57","H","H",TRUE,FALSE,"exact_ungapped_match",0,"H1_HA1(7-327)"
"H1N1","H1","H1 numbering",69,58,"HA1","H1 HA1 58","L","L",TRUE,FALSE,"exact_ungapped_match",0,"H1_HA1(7-327)"
"H1N1","H1","H1 numbering",70,59,"HA1","H1 HA1 59","G","G",TRUE,FALSE,"exact_ungapped_match",0,"H1_HA1(7-327)"
"H1N1","H1","H1 numbering",71,60,"HA1","H1 HA1 60","Q","Q",TRUE,FALSE,"exact_ungapped_match",0,"H1_HA1(7-327)"
"H1N1","H1","H1 numbering",72,61,"HA1","H1 HA1 61","C","C",TRUE,FALSE,"exact_ungapped_match",0,"H1_HA1(7-327)"
"H1N1","H1","H1 numbering",73,62,"HA1","H1 HA1 62","N","N",TRUE,FALSE,"exact_ungapped_match",0,"H1_HA1(7-327)"
"H1N1","H1","H1 numbering",74,63,"HA1","H1 HA1 63","I","I",TRUE,FALSE,"exact_ungapped_match",0,"H1_HA1(7-327)"
"H1N1","H1","H1 numbering",75,64,"HA1","H1 HA1 64","A","A",TRUE,FALSE,"exact_ungapped_match",0,"H1_HA1(7-327)"
"H1N1","H1","H1 numbering",76,65,"HA1","H1 HA1 65","G","G",TRUE,FALSE,"exact_ungapped_match",0,"H1_HA1(7-327)"
"H1N1","H1","H1 numbering",77,66,"HA1","H1 HA1 66","W","W",TRUE,FALSE,"exact_ungapped_match",0,"H1_HA1(7-327)"
"H1N1","H1","H1 numbering",78,67,"HA1","H1 HA1 67","I","I",TRUE,FALSE,"exact_ungapped_match",0,"H1_HA1(7-327)"
"H1N1","H1","H1 numbering",79,68,"HA1","H1 HA1 68","L","L",TRUE,FALSE,"exact_ungapped_match",0,"H1_HA1(7-327)"
"H1N1","H1","H1 numbering",80,69,"HA1","H1 HA1 69","G","G",TRUE,FALSE,"exact_ungapped_match",0,"H1_HA1(7-327)"
"H1N1","H1","H1 numbering",81,70,"HA1","H1 HA1 70","N","N",TRUE,FALSE,"exact_ungapped_match",0,"H1_HA1(7-327)"
"H1N1","H1","H1 numbering",82,71,"HA1","H1 HA1 71","P","P",TRUE,FALSE,"exact_ungapped_match",0,"H1_HA1(7-327)"
"H1N1","H1","H1 numbering",83,72,"HA1","H1 HA1 72","E","E",TRUE,FALSE,"exact_ungapped_match",0,"H1_HA1(7-327)"
"H1N1","H1","H1 numbering",84,73,"HA1","H1 HA1 73","C","C",TRUE,FALSE,"exact_ungapped_match",0,"H1_HA1(7-327)"
"H1N1","H1","H1 numbering",85,74,"HA1","H1 HA1 74","E","E",TRUE,FALSE,"exact_ungapped_match",0,"H1_HA1(7-327)"
"H1N1","H1","H1 numbering",86,75,"HA1","H1 HA1 75","S","S",TRUE,FALSE,"exact_ungapped_match",0,"H1_HA1(7-327)"
"H1N1","H1","H1 numbering",87,76,"HA1","H1 HA1 76","L","L",TRUE,FALSE,"exact_ungapped_match",0,"H1_HA1(7-327)"
"H1N1","H1","H1 numbering",88,77,"HA1","H1 HA1 77","S","S",TRUE,FALSE,"exact_ungapped_match",0,"H1_HA1(7-327)"
"H1N1","H1","H1 numbering",89,78,"HA1","H1 HA1 78","T","T",TRUE,FALSE,"exact_ungapped_match",0,"H1_HA1(7-327)"
"H1N1","H1","H1 numbering",90,79,"HA1","H1 HA1 79","A","A",TRUE,FALSE,"exact_ungapped_match",0,"H1_HA1(7-327)"
"H1N1","H1","H1 numbering",91,80,"HA1","H1 HA1 80","R","R",TRUE,FALSE,"exact_ungapped_match",0,"H1_HA1(7-327)"
"H1N1","H1","H1 numbering",92,81,"HA1","H1 HA1 81","S","S",TRUE,FALSE,"exact_ungapped_match",0,"H1_HA1(7-327)"
"H1N1","H1","H1 numbering",93,82,"HA1","H1 HA1 82","W","W",TRUE,FALSE,"exact_ungapped_match",0,"H1_HA1(7-327)"
"H1N1","H1","H1 numbering",94,83,"HA1","H1 HA1 83","S","S",TRUE,FALSE,"exact_ungapped_match",0,"H1_HA1(7-327)"
"H1N1","H1","H1 numbering",95,84,"HA1","H1 HA1 84","Y","Y",TRUE,FALSE,"exact_ungapped_match",0,"H1_HA1(7-327)"
"H1N1","H1","H1 numbering",96,85,"HA1","H1 HA1 85","I","I",TRUE,FALSE,"exact_ungapped_match",0,"H1_HA1(7-327)"
"H1N1","H1","H1 numbering",97,86,"HA1","H1 HA1 86","V","V",TRUE,FALSE,"exact_ungapped_match",0,"H1_HA1(7-327)"
"H1N1","H1","H1 numbering",98,87,"HA1","H1 HA1 87","E","E",TRUE,FALSE,"exact_ungapped_match",0,"H1_HA1(7-327)"
"H1N1","H1","H1 numbering",99,88,"HA1","H1 HA1 88","T","T",TRUE,FALSE,"exact_ungapped_match",0,"H1_HA1(7-327)"
"H1N1","H1","H1 numbering",100,89,"HA1","H1 HA1 89","S","S",TRUE,FALSE,"exact_ungapped_match",0,"H1_HA1(7-327)"
"H1N1","H1","H1 numbering",101,90,"HA1","H1 HA1 90","N","N",TRUE,FALSE,"exact_ungapped_match",0,"H1_HA1(7-327)"
"H1N1","H1","H1 numbering",102,91,"HA1","H1 HA1 91","S","S",TRUE,FALSE,"exact_ungapped_match",0,"H1_HA1(7-327)"
"H1N1","H1","H1 numbering",103,92,"HA1","H1 HA1 92","D","D",TRUE,FALSE,"exact_ungapped_match",0,"H1_HA1(7-327)"
"H1N1","H1","H1 numbering",104,93,"HA1","H1 HA1 93","N","N",TRUE,FALSE,"exact_ungapped_match",0,"H1_HA1(7-327)"
"H1N1","H1","H1 numbering",105,94,"HA1","H1 HA1 94","G","G",TRUE,FALSE,"exact_ungapped_match",0,"H1_HA1(7-327)"
"H1N1","H1","H1 numbering",106,95,"HA1","H1 HA1 95","T","T",TRUE,FALSE,"exact_ungapped_match",0,"H1_HA1(7-327)"
"H1N1","H1","H1 numbering",107,96,"HA1","H1 HA1 96","C","C",TRUE,FALSE,"exact_ungapped_match",0,"H1_HA1(7-327)"
"H1N1","H1","H1 numbering",108,97,"HA1","H1 HA1 97","Y","Y",TRUE,FALSE,"exact_ungapped_match",0,"H1_HA1(7-327)"
"H1N1","H1","H1 numbering",109,98,"HA1","H1 HA1 98","P","P",TRUE,FALSE,"exact_ungapped_match",0,"H1_HA1(7-327)"
"H1N1","H1","H1 numbering",110,99,"HA1","H1 HA1 99","G","G",TRUE,FALSE,"exact_ungapped_match",0,"H1_HA1(7-327)"
"H1N1","H1","H1 numbering",111,100,"HA1","H1 HA1 100","D","D",TRUE,FALSE,"exact_ungapped_match",0,"H1_HA1(7-327)"
"H1N1","H1","H1 numbering",112,101,"HA1","H1 HA1 101","F","F",TRUE,FALSE,"exact_ungapped_match",0,"H1_HA1(7-327)"
"H1N1","H1","H1 numbering",113,102,"HA1","H1 HA1 102","I","I",TRUE,FALSE,"exact_ungapped_match",0,"H1_HA1(7-327)"
"H1N1","H1","H1 numbering",114,103,"HA1","H1 HA1 103","N","N",TRUE,FALSE,"exact_ungapped_match",0,"H1_HA1(7-327)"
"H1N1","H1","H1 numbering",115,104,"HA1","H1 HA1 104","Y","Y",TRUE,FALSE,"exact_ungapped_match",0,"H1_HA1(7-327)"
"H1N1","H1","H1 numbering",116,105,"HA1","H1 HA1 105","E","E",TRUE,FALSE,"exact_ungapped_match",0,"H1_HA1(7-327)"
"H1N1","H1","H1 numbering",117,106,"HA1","H1 HA1 106","E","E",TRUE,FALSE,"exact_ungapped_match",0,"H1_HA1(7-327)"
"H1N1","H1","H1 numbering",118,107,"HA1","H1 HA1 107","L","L",TRUE,FALSE,"exact_ungapped_match",0,"H1_HA1(7-327)"
"H1N1","H1","H1 numbering",119,108,"HA1","H1 HA1 108","R","R",TRUE,FALSE,"exact_ungapped_match",0,"H1_HA1(7-327)"
"H1N1","H1","H1 numbering",120,109,"HA1","H1 HA1 109","E","E",TRUE,FALSE,"exact_ungapped_match",0,"H1_HA1(7-327)"
"H1N1","H1","H1 numbering",121,110,"HA1","H1 HA1 110","Q","Q",TRUE,FALSE,"exact_ungapped_match",0,"H1_HA1(7-327)"
"H1N1","H1","H1 numbering",122,111,"HA1","H1 HA1 111","L","L",TRUE,FALSE,"exact_ungapped_match",0,"H1_HA1(7-327)"
"H1N1","H1","H1 numbering",123,112,"HA1","H1 HA1 112","S","S",TRUE,FALSE,"exact_ungapped_match",0,"H1_HA1(7-327)"
"H1N1","H1","H1 numbering",124,113,"HA1","H1 HA1 113","S","S",TRUE,FALSE,"exact_ungapped_match",0,"H1_HA1(7-327)"
"H1N1","H1","H1 numbering",125,114,"HA1","H1 HA1 114","V","V",TRUE,FALSE,"exact_ungapped_match",0,"H1_HA1(7-327)"
"H1N1","H1","H1 numbering",126,115,"HA1","H1 HA1 115","S","S",TRUE,FALSE,"exact_ungapped_match",0,"H1_HA1(7-327)"
"H1N1","H1","H1 numbering",127,116,"HA1","H1 HA1 116","S","S",TRUE,FALSE,"exact_ungapped_match",0,"H1_HA1(7-327)"
"H1N1","H1","H1 numbering",128,117,"HA1","H1 HA1 117","F","F",TRUE,FALSE,"exact_ungapped_match",0,"H1_HA1(7-327)"
"H1N1","H1","H1 numbering",129,118,"HA1","H1 HA1 118","E","E",TRUE,FALSE,"exact_ungapped_match",0,"H1_HA1(7-327)"
"H1N1","H1","H1 numbering",130,119,"HA1","H1 HA1 119","R","R",TRUE,FALSE,"exact_ungapped_match",0,"H1_HA1(7-327)"
"H1N1","H1","H1 numbering",131,120,"HA1","H1 HA1 120","F","F",TRUE,FALSE,"exact_ungapped_match",0,"H1_HA1(7-327)"
"H1N1","H1","H1 numbering",132,121,"HA1","H1 HA1 121","E","E",TRUE,FALSE,"exact_ungapped_match",0,"H1_HA1(7-327)"
"H1N1","H1","H1 numbering",133,122,"HA1","H1 HA1 122","I","I",TRUE,FALSE,"exact_ungapped_match",0,"H1_HA1(7-327)"
"H1N1","H1","H1 numbering",134,123,"HA1","H1 HA1 123","F","F",TRUE,FALSE,"exact_ungapped_match",0,"H1_HA1(7-327)"
"H1N1","H1","H1 numbering",135,124,"HA1","H1 HA1 124","P","P",TRUE,FALSE,"exact_ungapped_match",0,"H1_HA1(7-327)"
"H1N1","H1","H1 numbering",136,125,"HA1","H1 HA1 125","K","K",TRUE,FALSE,"exact_ungapped_match",0,"H1_HA1(7-327)"
"H1N1","H1","H1 numbering",137,126,"HA1","H1 HA1 126","T","T",TRUE,FALSE,"exact_ungapped_match",0,"H1_HA1(7-327)"
"H1N1","H1","H1 numbering",138,127,"HA1","H1 HA1 127","S","S",TRUE,FALSE,"exact_ungapped_match",0,"H1_HA1(7-327)"
"H1N1","H1","H1 numbering",139,128,"HA1","H1 HA1 128","S","S",TRUE,FALSE,"exact_ungapped_match",0,"H1_HA1(7-327)"
"H1N1","H1","H1 numbering",140,129,"HA1","H1 HA1 129","W","W",TRUE,FALSE,"exact_ungapped_match",0,"H1_HA1(7-327)"
"H1N1","H1","H1 numbering",141,130,"HA1","H1 HA1 130","P","P",TRUE,FALSE,"exact_ungapped_match",0,"H1_HA1(7-327)"
"H1N1","H1","H1 numbering",142,131,"HA1","H1 HA1 131","N","N",TRUE,FALSE,"exact_ungapped_match",0,"H1_HA1(7-327)"
"H1N1","H1","H1 numbering",143,132,"HA1","H1 HA1 132","H","H",TRUE,FALSE,"exact_ungapped_match",0,"H1_HA1(7-327)"
"H1N1","H1","H1 numbering",144,133,"HA1","H1 HA1 133","D","D",TRUE,FALSE,"exact_ungapped_match",0,"H1_HA1(7-327)"
"H1N1","H1","H1 numbering",145,134,"HA1","H1 HA1 134","S","S",TRUE,FALSE,"exact_ungapped_match",0,"H1_HA1(7-327)"
"H1N1","H1","H1 numbering",146,135,"HA1","H1 HA1 135","D","D",TRUE,FALSE,"exact_ungapped_match",0,"H1_HA1(7-327)"
"H1N1","H1","H1 numbering",147,136,"HA1","H1 HA1 136","N","N",TRUE,FALSE,"exact_ungapped_match",0,"H1_HA1(7-327)"
"H1N1","H1","H1 numbering",148,137,"HA1","H1 HA1 137","G","G",TRUE,FALSE,"exact_ungapped_match",0,"H1_HA1(7-327)"
"H1N1","H1","H1 numbering",149,138,"HA1","H1 HA1 138","V","V",TRUE,FALSE,"exact_ungapped_match",0,"H1_HA1(7-327)"
"H1N1","H1","H1 numbering",150,139,"HA1","H1 HA1 139","T","T",TRUE,FALSE,"exact_ungapped_match",0,"H1_HA1(7-327)"
"H1N1","H1","H1 numbering",151,140,"HA1","H1 HA1 140","A","A",TRUE,FALSE,"exact_ungapped_match",0,"H1_HA1(7-327)"
"H1N1","H1","H1 numbering",152,141,"HA1","H1 HA1 141","A","A",TRUE,FALSE,"exact_ungapped_match",0,"H1_HA1(7-327)"
"H1N1","H1","H1 numbering",153,142,"HA1","H1 HA1 142","C","C",TRUE,FALSE,"exact_ungapped_match",0,"H1_HA1(7-327)"
"H1N1","H1","H1 numbering",154,143,"HA1","H1 HA1 143","P","P",TRUE,FALSE,"exact_ungapped_match",0,"H1_HA1(7-327)"
"H1N1","H1","H1 numbering",155,144,"HA1","H1 HA1 144","H","H",TRUE,FALSE,"exact_ungapped_match",0,"H1_HA1(7-327)"
"H1N1","H1","H1 numbering",156,145,"HA1","H1 HA1 145","A","A",TRUE,FALSE,"exact_ungapped_match",0,"H1_HA1(7-327)"
"H1N1","H1","H1 numbering",157,146,"HA1","H1 HA1 146","G","G",TRUE,FALSE,"exact_ungapped_match",0,"H1_HA1(7-327)"
"H1N1","H1","H1 numbering",158,147,"HA1","H1 HA1 147","A","A",TRUE,FALSE,"exact_ungapped_match",0,"H1_HA1(7-327)"
"H1N1","H1","H1 numbering",159,148,"HA1","H1 HA1 148","K","K",TRUE,FALSE,"exact_ungapped_match",0,"H1_HA1(7-327)"
"H1N1","H1","H1 numbering",160,149,"HA1","H1 HA1 149","S","S",TRUE,FALSE,"exact_ungapped_match",0,"H1_HA1(7-327)"
"H1N1","H1","H1 numbering",161,150,"HA1","H1 HA1 150","F","F",TRUE,FALSE,"exact_ungapped_match",0,"H1_HA1(7-327)"
"H1N1","H1","H1 numbering",162,151,"HA1","H1 HA1 151","Y","Y",TRUE,FALSE,"exact_ungapped_match",0,"H1_HA1(7-327)"
"H1N1","H1","H1 numbering",163,152,"HA1","H1 HA1 152","K","K",TRUE,FALSE,"exact_ungapped_match",0,"H1_HA1(7-327)"
"H1N1","H1","H1 numbering",164,153,"HA1","H1 HA1 153","N","N",TRUE,FALSE,"exact_ungapped_match",0,"H1_HA1(7-327)"
"H1N1","H1","H1 numbering",165,154,"HA1","H1 HA1 154","L","L",TRUE,FALSE,"exact_ungapped_match",0,"H1_HA1(7-327)"
"H1N1","H1","H1 numbering",166,155,"HA1","H1 HA1 155","I","I",TRUE,FALSE,"exact_ungapped_match",0,"H1_HA1(7-327)"
"H1N1","H1","H1 numbering",167,156,"HA1","H1 HA1 156","W","W",TRUE,FALSE,"exact_ungapped_match",0,"H1_HA1(7-327)"
"H1N1","H1","H1 numbering",168,157,"HA1","H1 HA1 157","L","L",TRUE,FALSE,"exact_ungapped_match",0,"H1_HA1(7-327)"
"H1N1","H1","H1 numbering",169,158,"HA1","H1 HA1 158","V","V",TRUE,FALSE,"exact_ungapped_match",0,"H1_HA1(7-327)"
"H1N1","H1","H1 numbering",170,159,"HA1","H1 HA1 159","K","K",TRUE,FALSE,"exact_ungapped_match",0,"H1_HA1(7-327)"
"H1N1","H1","H1 numbering",171,160,"HA1","H1 HA1 160","K","K",TRUE,FALSE,"exact_ungapped_match",0,"H1_HA1(7-327)"
"H1N1","H1","H1 numbering",172,161,"HA1","H1 HA1 161","G","G",TRUE,FALSE,"exact_ungapped_match",0,"H1_HA1(7-327)"
"H1N1","H1","H1 numbering",173,162,"HA1","H1 HA1 162","K","K",TRUE,FALSE,"exact_ungapped_match",0,"H1_HA1(7-327)"
"H1N1","H1","H1 numbering",174,163,"HA1","H1 HA1 163","S","S",TRUE,FALSE,"exact_ungapped_match",0,"H1_HA1(7-327)"
"H1N1","H1","H1 numbering",175,164,"HA1","H1 HA1 164","Y","Y",TRUE,FALSE,"exact_ungapped_match",0,"H1_HA1(7-327)"
"H1N1","H1","H1 numbering",176,165,"HA1","H1 HA1 165","P","P",TRUE,FALSE,"exact_ungapped_match",0,"H1_HA1(7-327)"
"H1N1","H1","H1 numbering",177,166,"HA1","H1 HA1 166","K","K",TRUE,FALSE,"exact_ungapped_match",0,"H1_HA1(7-327)"
"H1N1","H1","H1 numbering",178,167,"HA1","H1 HA1 167","I","I",TRUE,FALSE,"exact_ungapped_match",0,"H1_HA1(7-327)"
"H1N1","H1","H1 numbering",179,168,"HA1","H1 HA1 168","N","N",TRUE,FALSE,"exact_ungapped_match",0,"H1_HA1(7-327)"
"H1N1","H1","H1 numbering",180,169,"HA1","H1 HA1 169","Q","Q",TRUE,FALSE,"exact_ungapped_match",0,"H1_HA1(7-327)"
"H1N1","H1","H1 numbering",181,170,"HA1","H1 HA1 170","T","T",TRUE,FALSE,"exact_ungapped_match",0,"H1_HA1(7-327)"
"H1N1","H1","H1 numbering",182,171,"HA1","H1 HA1 171","Y","Y",TRUE,FALSE,"exact_ungapped_match",0,"H1_HA1(7-327)"
"H1N1","H1","H1 numbering",183,172,"HA1","H1 HA1 172","I","I",TRUE,FALSE,"exact_ungapped_match",0,"H1_HA1(7-327)"
"H1N1","H1","H1 numbering",184,173,"HA1","H1 HA1 173","N","N",TRUE,FALSE,"exact_ungapped_match",0,"H1_HA1(7-327)"
"H1N1","H1","H1 numbering",185,174,"HA1","H1 HA1 174","D","D",TRUE,FALSE,"exact_ungapped_match",0,"H1_HA1(7-327)"
"H1N1","H1","H1 numbering",186,175,"HA1","H1 HA1 175","K","K",TRUE,FALSE,"exact_ungapped_match",0,"H1_HA1(7-327)"
"H1N1","H1","H1 numbering",187,176,"HA1","H1 HA1 176","G","G",TRUE,FALSE,"exact_ungapped_match",0,"H1_HA1(7-327)"
"H1N1","H1","H1 numbering",188,177,"HA1","H1 HA1 177","K","K",TRUE,FALSE,"exact_ungapped_match",0,"H1_HA1(7-327)"
"H1N1","H1","H1 numbering",189,178,"HA1","H1 HA1 178","E","E",TRUE,FALSE,"exact_ungapped_match",0,"H1_HA1(7-327)"
"H1N1","H1","H1 numbering",190,179,"HA1","H1 HA1 179","V","V",TRUE,FALSE,"exact_ungapped_match",0,"H1_HA1(7-327)"
"H1N1","H1","H1 numbering",191,180,"HA1","H1 HA1 180","L","L",TRUE,FALSE,"exact_ungapped_match",0,"H1_HA1(7-327)"
"H1N1","H1","H1 numbering",192,181,"HA1","H1 HA1 181","V","V",TRUE,FALSE,"exact_ungapped_match",0,"H1_HA1(7-327)"
"H1N1","H1","H1 numbering",193,182,"HA1","H1 HA1 182","L","L",TRUE,FALSE,"exact_ungapped_match",0,"H1_HA1(7-327)"
"H1N1","H1","H1 numbering",194,183,"HA1","H1 HA1 183","W","W",TRUE,FALSE,"exact_ungapped_match",0,"H1_HA1(7-327)"
"H1N1","H1","H1 numbering",195,184,"HA1","H1 HA1 184","G","G",TRUE,FALSE,"exact_ungapped_match",0,"H1_HA1(7-327)"
"H1N1","H1","H1 numbering",196,185,"HA1","H1 HA1 185","I","I",TRUE,FALSE,"exact_ungapped_match",0,"H1_HA1(7-327)"
"H1N1","H1","H1 numbering",197,186,"HA1","H1 HA1 186","H","H",TRUE,FALSE,"exact_ungapped_match",0,"H1_HA1(7-327)"
"H1N1","H1","H1 numbering",198,187,"HA1","H1 HA1 187","H","H",TRUE,FALSE,"exact_ungapped_match",0,"H1_HA1(7-327)"
"H1N1","H1","H1 numbering",199,188,"HA1","H1 HA1 188","P","P",TRUE,FALSE,"exact_ungapped_match",0,"H1_HA1(7-327)"
"H1N1","H1","H1 numbering",200,189,"HA1","H1 HA1 189","P","P",TRUE,FALSE,"exact_ungapped_match",0,"H1_HA1(7-327)"
"H1N1","H1","H1 numbering",201,190,"HA1","H1 HA1 190","T","T",TRUE,FALSE,"exact_ungapped_match",0,"H1_HA1(7-327)"
"H1N1","H1","H1 numbering",202,191,"HA1","H1 HA1 191","I","I",TRUE,FALSE,"exact_ungapped_match",0,"H1_HA1(7-327)"
"H1N1","H1","H1 numbering",203,192,"HA1","H1 HA1 192","T","T",TRUE,FALSE,"exact_ungapped_match",0,"H1_HA1(7-327)"
"H1N1","H1","H1 numbering",204,193,"HA1","H1 HA1 193","D","D",TRUE,FALSE,"exact_ungapped_match",0,"H1_HA1(7-327)"
"H1N1","H1","H1 numbering",205,194,"HA1","H1 HA1 194","Q","Q",TRUE,FALSE,"exact_ungapped_match",0,"H1_HA1(7-327)"
"H1N1","H1","H1 numbering",206,195,"HA1","H1 HA1 195","E","E",TRUE,FALSE,"exact_ungapped_match",0,"H1_HA1(7-327)"
"H1N1","H1","H1 numbering",207,196,"HA1","H1 HA1 196","S","S",TRUE,FALSE,"exact_ungapped_match",0,"H1_HA1(7-327)"
"H1N1","H1","H1 numbering",208,197,"HA1","H1 HA1 197","L","L",TRUE,FALSE,"exact_ungapped_match",0,"H1_HA1(7-327)"
"H1N1","H1","H1 numbering",209,198,"HA1","H1 HA1 198","Y","Y",TRUE,FALSE,"exact_ungapped_match",0,"H1_HA1(7-327)"
"H1N1","H1","H1 numbering",210,199,"HA1","H1 HA1 199","Q","Q",TRUE,FALSE,"exact_ungapped_match",0,"H1_HA1(7-327)"
"H1N1","H1","H1 numbering",211,200,"HA1","H1 HA1 200","N","N",TRUE,FALSE,"exact_ungapped_match",0,"H1_HA1(7-327)"
"H1N1","H1","H1 numbering",212,201,"HA1","H1 HA1 201","A","A",TRUE,FALSE,"exact_ungapped_match",0,"H1_HA1(7-327)"
"H1N1","H1","H1 numbering",213,202,"HA1","H1 HA1 202","D","D",TRUE,FALSE,"exact_ungapped_match",0,"H1_HA1(7-327)"
"H1N1","H1","H1 numbering",214,203,"HA1","H1 HA1 203","A","A",TRUE,FALSE,"exact_ungapped_match",0,"H1_HA1(7-327)"
"H1N1","H1","H1 numbering",215,204,"HA1","H1 HA1 204","Y","Y",TRUE,FALSE,"exact_ungapped_match",0,"H1_HA1(7-327)"
"H1N1","H1","H1 numbering",216,205,"HA1","H1 HA1 205","V","V",TRUE,FALSE,"exact_ungapped_match",0,"H1_HA1(7-327)"
"H1N1","H1","H1 numbering",217,206,"HA1","H1 HA1 206","F","F",TRUE,FALSE,"exact_ungapped_match",0,"H1_HA1(7-327)"
"H1N1","H1","H1 numbering",218,207,"HA1","H1 HA1 207","V","V",TRUE,FALSE,"exact_ungapped_match",0,"H1_HA1(7-327)"
"H1N1","H1","H1 numbering",219,208,"HA1","H1 HA1 208","G","G",TRUE,FALSE,"exact_ungapped_match",0,"H1_HA1(7-327)"
"H1N1","H1","H1 numbering",220,209,"HA1","H1 HA1 209","T","T",TRUE,FALSE,"exact_ungapped_match",0,"H1_HA1(7-327)"
"H1N1","H1","H1 numbering",221,210,"HA1","H1 HA1 210","S","S",TRUE,FALSE,"exact_ungapped_match",0,"H1_HA1(7-327)"
"H1N1","H1","H1 numbering",222,211,"HA1","H1 HA1 211","R","R",TRUE,FALSE,"exact_ungapped_match",0,"H1_HA1(7-327)"
"H1N1","H1","H1 numbering",223,212,"HA1","H1 HA1 212","Y","Y",TRUE,FALSE,"exact_ungapped_match",0,"H1_HA1(7-327)"
"H1N1","H1","H1 numbering",224,213,"HA1","H1 HA1 213","S","S",TRUE,FALSE,"exact_ungapped_match",0,"H1_HA1(7-327)"
"H1N1","H1","H1 numbering",225,214,"HA1","H1 HA1 214","K","K",TRUE,FALSE,"exact_ungapped_match",0,"H1_HA1(7-327)"
"H1N1","H1","H1 numbering",226,215,"HA1","H1 HA1 215","K","K",TRUE,FALSE,"exact_ungapped_match",0,"H1_HA1(7-327)"
"H1N1","H1","H1 numbering",227,216,"HA1","H1 HA1 216","F","F",TRUE,FALSE,"exact_ungapped_match",0,"H1_HA1(7-327)"
"H1N1","H1","H1 numbering",228,217,"HA1","H1 HA1 217","K","K",TRUE,FALSE,"exact_ungapped_match",0,"H1_HA1(7-327)"
"H1N1","H1","H1 numbering",229,218,"HA1","H1 HA1 218","P","P",TRUE,FALSE,"exact_ungapped_match",0,"H1_HA1(7-327)"
"H1N1","H1","H1 numbering",230,219,"HA1","H1 HA1 219","E","E",TRUE,FALSE,"exact_ungapped_match",0,"H1_HA1(7-327)"
"H1N1","H1","H1 numbering",231,220,"HA1","H1 HA1 220","I","I",TRUE,FALSE,"exact_ungapped_match",0,"H1_HA1(7-327)"
"H1N1","H1","H1 numbering",232,221,"HA1","H1 HA1 221","A","A",TRUE,FALSE,"exact_ungapped_match",0,"H1_HA1(7-327)"
"H1N1","H1","H1 numbering",233,222,"HA1","H1 HA1 222","T","T",TRUE,FALSE,"exact_ungapped_match",0,"H1_HA1(7-327)"
"H1N1","H1","H1 numbering",234,223,"HA1","H1 HA1 223","R","R",TRUE,FALSE,"exact_ungapped_match",0,"H1_HA1(7-327)"
"H1N1","H1","H1 numbering",235,224,"HA1","H1 HA1 224","P","P",TRUE,FALSE,"exact_ungapped_match",0,"H1_HA1(7-327)"
"H1N1","H1","H1 numbering",236,225,"HA1","H1 HA1 225","K","K",TRUE,FALSE,"exact_ungapped_match",0,"H1_HA1(7-327)"
"H1N1","H1","H1 numbering",237,226,"HA1","H1 HA1 226","V","V",TRUE,FALSE,"exact_ungapped_match",0,"H1_HA1(7-327)"
"H1N1","H1","H1 numbering",238,227,"HA1","H1 HA1 227","R","R",TRUE,FALSE,"exact_ungapped_match",0,"H1_HA1(7-327)"
"H1N1","H1","H1 numbering",239,228,"HA1","H1 HA1 228","D","D",TRUE,FALSE,"exact_ungapped_match",0,"H1_HA1(7-327)"
"H1N1","H1","H1 numbering",240,229,"HA1","H1 HA1 229","Q","Q",TRUE,FALSE,"exact_ungapped_match",0,"H1_HA1(7-327)"
"H1N1","H1","H1 numbering",241,230,"HA1","H1 HA1 230","A","A",TRUE,FALSE,"exact_ungapped_match",0,"H1_HA1(7-327)"
"H1N1","H1","H1 numbering",242,231,"HA1","H1 HA1 231","G","G",TRUE,FALSE,"exact_ungapped_match",0,"H1_HA1(7-327)"
"H1N1","H1","H1 numbering",243,232,"HA1","H1 HA1 232","R","R",TRUE,FALSE,"exact_ungapped_match",0,"H1_HA1(7-327)"
"H1N1","H1","H1 numbering",244,233,"HA1","H1 HA1 233","M","M",TRUE,FALSE,"exact_ungapped_match",0,"H1_HA1(7-327)"
"H1N1","H1","H1 numbering",245,234,"HA1","H1 HA1 234","N","N",TRUE,FALSE,"exact_ungapped_match",0,"H1_HA1(7-327)"
"H1N1","H1","H1 numbering",246,235,"HA1","H1 HA1 235","Y","Y",TRUE,FALSE,"exact_ungapped_match",0,"H1_HA1(7-327)"
"H1N1","H1","H1 numbering",247,236,"HA1","H1 HA1 236","Y","Y",TRUE,FALSE,"exact_ungapped_match",0,"H1_HA1(7-327)"
"H1N1","H1","H1 numbering",248,237,"HA1","H1 HA1 237","W","W",TRUE,FALSE,"exact_ungapped_match",0,"H1_HA1(7-327)"
"H1N1","H1","H1 numbering",249,238,"HA1","H1 HA1 238","T","T",TRUE,FALSE,"exact_ungapped_match",0,"H1_HA1(7-327)"
"H1N1","H1","H1 numbering",250,239,"HA1","H1 HA1 239","L","L",TRUE,FALSE,"exact_ungapped_match",0,"H1_HA1(7-327)"
"H1N1","H1","H1 numbering",251,240,"HA1","H1 HA1 240","V","V",TRUE,FALSE,"exact_ungapped_match",0,"H1_HA1(7-327)"
"H1N1","H1","H1 numbering",252,241,"HA1","H1 HA1 241","E","E",TRUE,FALSE,"exact_ungapped_match",0,"H1_HA1(7-327)"
"H1N1","H1","H1 numbering",253,242,"HA1","H1 HA1 242","P","P",TRUE,FALSE,"exact_ungapped_match",0,"H1_HA1(7-327)"
"H1N1","H1","H1 numbering",254,243,"HA1","H1 HA1 243","G","G",TRUE,FALSE,"exact_ungapped_match",0,"H1_HA1(7-327)"
"H1N1","H1","H1 numbering",255,244,"HA1","H1 HA1 244","D","D",TRUE,FALSE,"exact_ungapped_match",0,"H1_HA1(7-327)"
"H1N1","H1","H1 numbering",256,245,"HA1","H1 HA1 245","K","K",TRUE,FALSE,"exact_ungapped_match",0,"H1_HA1(7-327)"
"H1N1","H1","H1 numbering",257,246,"HA1","H1 HA1 246","I","I",TRUE,FALSE,"exact_ungapped_match",0,"H1_HA1(7-327)"
"H1N1","H1","H1 numbering",258,247,"HA1","H1 HA1 247","T","T",TRUE,FALSE,"exact_ungapped_match",0,"H1_HA1(7-327)"
"H1N1","H1","H1 numbering",259,248,"HA1","H1 HA1 248","F","F",TRUE,FALSE,"exact_ungapped_match",0,"H1_HA1(7-327)"
"H1N1","H1","H1 numbering",260,249,"HA1","H1 HA1 249","E","E",TRUE,FALSE,"exact_ungapped_match",0,"H1_HA1(7-327)"
"H1N1","H1","H1 numbering",261,250,"HA1","H1 HA1 250","A","A",TRUE,FALSE,"exact_ungapped_match",0,"H1_HA1(7-327)"
"H1N1","H1","H1 numbering",262,251,"HA1","H1 HA1 251","T","T",TRUE,FALSE,"exact_ungapped_match",0,"H1_HA1(7-327)"
"H1N1","H1","H1 numbering",263,252,"HA1","H1 HA1 252","G","G",TRUE,FALSE,"exact_ungapped_match",0,"H1_HA1(7-327)"
"H1N1","H1","H1 numbering",264,253,"HA1","H1 HA1 253","N","N",TRUE,FALSE,"exact_ungapped_match",0,"H1_HA1(7-327)"
"H1N1","H1","H1 numbering",265,254,"HA1","H1 HA1 254","L","L",TRUE,FALSE,"exact_ungapped_match",0,"H1_HA1(7-327)"
"H1N1","H1","H1 numbering",266,255,"HA1","H1 HA1 255","V","V",TRUE,FALSE,"exact_ungapped_match",0,"H1_HA1(7-327)"
"H1N1","H1","H1 numbering",267,256,"HA1","H1 HA1 256","A","A",TRUE,FALSE,"exact_ungapped_match",0,"H1_HA1(7-327)"
"H1N1","H1","H1 numbering",268,257,"HA1","H1 HA1 257","P","P",TRUE,FALSE,"exact_ungapped_match",0,"H1_HA1(7-327)"
"H1N1","H1","H1 numbering",269,258,"HA1","H1 HA1 258","R","R",TRUE,FALSE,"exact_ungapped_match",0,"H1_HA1(7-327)"
"H1N1","H1","H1 numbering",270,259,"HA1","H1 HA1 259","Y","Y",TRUE,FALSE,"exact_ungapped_match",0,"H1_HA1(7-327)"
"H1N1","H1","H1 numbering",271,260,"HA1","H1 HA1 260","A","A",TRUE,FALSE,"exact_ungapped_match",0,"H1_HA1(7-327)"
"H1N1","H1","H1 numbering",272,261,"HA1","H1 HA1 261","F","F",TRUE,FALSE,"exact_ungapped_match",0,"H1_HA1(7-327)"
"H1N1","H1","H1 numbering",273,262,"HA1","H1 HA1 262","T","T",TRUE,FALSE,"exact_ungapped_match",0,"H1_HA1(7-327)"
"H1N1","H1","H1 numbering",274,263,"HA1","H1 HA1 263","M","M",TRUE,FALSE,"exact_ungapped_match",0,"H1_HA1(7-327)"
"H1N1","H1","H1 numbering",275,264,"HA1","H1 HA1 264","E","E",TRUE,FALSE,"exact_ungapped_match",0,"H1_HA1(7-327)"
"H1N1","H1","H1 numbering",276,265,"HA1","H1 HA1 265","K","K",TRUE,FALSE,"exact_ungapped_match",0,"H1_HA1(7-327)"
"H1N1","H1","H1 numbering",277,266,"HA1","H1 HA1 266","D","D",TRUE,FALSE,"exact_ungapped_match",0,"H1_HA1(7-327)"
"H1N1","H1","H1 numbering",278,267,"HA1","H1 HA1 267","A","A",TRUE,FALSE,"exact_ungapped_match",0,"H1_HA1(7-327)"
"H1N1","H1","H1 numbering",279,268,"HA1","H1 HA1 268","G","G",TRUE,FALSE,"exact_ungapped_match",0,"H1_HA1(7-327)"
"H1N1","H1","H1 numbering",280,269,"HA1","H1 HA1 269","S","S",TRUE,FALSE,"exact_ungapped_match",0,"H1_HA1(7-327)"
"H1N1","H1","H1 numbering",281,270,"HA1","H1 HA1 270","G","G",TRUE,FALSE,"exact_ungapped_match",0,"H1_HA1(7-327)"
"H1N1","H1","H1 numbering",282,271,"HA1","H1 HA1 271","I","I",TRUE,FALSE,"exact_ungapped_match",0,"H1_HA1(7-327)"
"H1N1","H1","H1 numbering",283,272,"HA1","H1 HA1 272","I","I",TRUE,FALSE,"exact_ungapped_match",0,"H1_HA1(7-327)"
"H1N1","H1","H1 numbering",284,273,"HA1","H1 HA1 273","I","I",TRUE,FALSE,"exact_ungapped_match",0,"H1_HA1(7-327)"
"H1N1","H1","H1 numbering",285,274,"HA1","H1 HA1 274","S","S",TRUE,FALSE,"exact_ungapped_match",0,"H1_HA1(7-327)"
"H1N1","H1","H1 numbering",286,275,"HA1","H1 HA1 275","D","D",TRUE,FALSE,"exact_ungapped_match",0,"H1_HA1(7-327)"
"H1N1","H1","H1 numbering",287,276,"HA1","H1 HA1 276","T","T",TRUE,FALSE,"exact_ungapped_match",0,"H1_HA1(7-327)"
"H1N1","H1","H1 numbering",288,277,"HA1","H1 HA1 277","P","P",TRUE,FALSE,"exact_ungapped_match",0,"H1_HA1(7-327)"
"H1N1","H1","H1 numbering",289,278,"HA1","H1 HA1 278","V","V",TRUE,FALSE,"exact_ungapped_match",0,"H1_HA1(7-327)"
"H1N1","H1","H1 numbering",290,279,"HA1","H1 HA1 279","H","H",TRUE,FALSE,"exact_ungapped_match",0,"H1_HA1(7-327)"
"H1N1","H1","H1 numbering",291,280,"HA1","H1 HA1 280","D","D",TRUE,FALSE,"exact_ungapped_match",0,"H1_HA1(7-327)"
"H1N1","H1","H1 numbering",292,281,"HA1","H1 HA1 281","C","C",TRUE,FALSE,"exact_ungapped_match",0,"H1_HA1(7-327)"
"H1N1","H1","H1 numbering",293,282,"HA1","H1 HA1 282","N","N",TRUE,FALSE,"exact_ungapped_match",0,"H1_HA1(7-327)"
"H1N1","H1","H1 numbering",294,283,"HA1","H1 HA1 283","T","T",TRUE,FALSE,"exact_ungapped_match",0,"H1_HA1(7-327)"
"H1N1","H1","H1 numbering",295,284,"HA1","H1 HA1 284","T","T",TRUE,FALSE,"exact_ungapped_match",0,"H1_HA1(7-327)"
"H1N1","H1","H1 numbering",296,285,"HA1","H1 HA1 285","C","C",TRUE,FALSE,"exact_ungapped_match",0,"H1_HA1(7-327)"
"H1N1","H1","H1 numbering",297,286,"HA1","H1 HA1 286","Q","Q",TRUE,FALSE,"exact_ungapped_match",0,"H1_HA1(7-327)"
"H1N1","H1","H1 numbering",298,287,"HA1","H1 HA1 287","T","T",TRUE,FALSE,"exact_ungapped_match",0,"H1_HA1(7-327)"
"H1N1","H1","H1 numbering",299,288,"HA1","H1 HA1 288","P","P",TRUE,FALSE,"exact_ungapped_match",0,"H1_HA1(7-327)"
"H1N1","H1","H1 numbering",300,289,"HA1","H1 HA1 289","E","E",TRUE,FALSE,"exact_ungapped_match",0,"H1_HA1(7-327)"
"H1N1","H1","H1 numbering",301,290,"HA1","H1 HA1 290","G","G",TRUE,FALSE,"exact_ungapped_match",0,"H1_HA1(7-327)"
"H1N1","H1","H1 numbering",302,291,"HA1","H1 HA1 291","A","A",TRUE,FALSE,"exact_ungapped_match",0,"H1_HA1(7-327)"
"H1N1","H1","H1 numbering",303,292,"HA1","H1 HA1 292","I","I",TRUE,FALSE,"exact_ungapped_match",0,"H1_HA1(7-327)"
"H1N1","H1","H1 numbering",304,293,"HA1","H1 HA1 293","N","N",TRUE,FALSE,"exact_ungapped_match",0,"H1_HA1(7-327)"
"H1N1","H1","H1 numbering",305,294,"HA1","H1 HA1 294","T","T",TRUE,FALSE,"exact_ungapped_match",0,"H1_HA1(7-327)"
"H1N1","H1","H1 numbering",306,295,"HA1","H1 HA1 295","S","S",TRUE,FALSE,"exact_ungapped_match",0,"H1_HA1(7-327)"
"H1N1","H1","H1 numbering",307,296,"HA1","H1 HA1 296","L","L",TRUE,FALSE,"exact_ungapped_match",0,"H1_HA1(7-327)"
"H1N1","H1","H1 numbering",308,297,"HA1","H1 HA1 297","P","P",TRUE,FALSE,"exact_ungapped_match",0,"H1_HA1(7-327)"
"H1N1","H1","H1 numbering",309,298,"HA1","H1 HA1 298","F","F",TRUE,FALSE,"exact_ungapped_match",0,"H1_HA1(7-327)"
"H1N1","H1","H1 numbering",310,299,"HA1","H1 HA1 299","Q","Q",TRUE,FALSE,"exact_ungapped_match",0,"H1_HA1(7-327)"
"H1N1","H1","H1 numbering",311,300,"HA1","H1 HA1 300","N","N",TRUE,FALSE,"exact_ungapped_match",0,"H1_HA1(7-327)"
"H1N1","H1","H1 numbering",312,301,"HA1","H1 HA1 301","V","V",TRUE,FALSE,"exact_ungapped_match",0,"H1_HA1(7-327)"
"H1N1","H1","H1 numbering",313,302,"HA1","H1 HA1 302","H","H",TRUE,FALSE,"exact_ungapped_match",0,"H1_HA1(7-327)"
"H1N1","H1","H1 numbering",314,303,"HA1","H1 HA1 303","P","P",TRUE,FALSE,"exact_ungapped_match",0,"H1_HA1(7-327)"
"H1N1","H1","H1 numbering",315,304,"HA1","H1 HA1 304","I","I",TRUE,FALSE,"exact_ungapped_match",0,"H1_HA1(7-327)"
"H1N1","H1","H1 numbering",316,305,"HA1","H1 HA1 305","T","T",TRUE,FALSE,"exact_ungapped_match",0,"H1_HA1(7-327)"
"H1N1","H1","H1 numbering",317,306,"HA1","H1 HA1 306","I","I",TRUE,FALSE,"exact_ungapped_match",0,"H1_HA1(7-327)"
"H1N1","H1","H1 numbering",318,307,"HA1","H1 HA1 307","G","G",TRUE,FALSE,"exact_ungapped_match",0,"H1_HA1(7-327)"
"H1N1","H1","H1 numbering",319,308,"HA1","H1 HA1 308","K","K",TRUE,FALSE,"exact_ungapped_match",0,"H1_HA1(7-327)"
"H1N1","H1","H1 numbering",320,309,"HA1","H1 HA1 309","C","C",TRUE,FALSE,"exact_ungapped_match",0,"H1_HA1(7-327)"
"H1N1","H1","H1 numbering",321,310,"HA1","H1 HA1 310","P","P",TRUE,FALSE,"exact_ungapped_match",0,"H1_HA1(7-327)"
"H1N1","H1","H1 numbering",322,311,"HA1","H1 HA1 311","K","K",TRUE,FALSE,"exact_ungapped_match",0,"H1_HA1(7-327)"
"H1N1","H1","H1 numbering",323,312,"HA1","H1 HA1 312","Y","Y",TRUE,FALSE,"exact_ungapped_match",0,"H1_HA1(7-327)"
"H1N1","H1","H1 numbering",324,313,"HA1","H1 HA1 313","V","V",TRUE,FALSE,"exact_ungapped_match",0,"H1_HA1(7-327)"
"H1N1","H1","H1 numbering",325,314,"HA1","H1 HA1 314","R","R",TRUE,FALSE,"exact_ungapped_match",0,"H1_HA1(7-327)"
"H1N1","H1","H1 numbering",326,315,"HA1","H1 HA1 315","S","S",TRUE,FALSE,"exact_ungapped_match",0,"H1_HA1(7-327)"
"H1N1","H1","H1 numbering",327,316,"HA1","H1 HA1 316","T","T",TRUE,FALSE,"exact_ungapped_match",0,"H1_HA1(7-327)"
"H1N1","H1","H1 numbering",328,317,"HA1","H1 HA1 317","K","K",TRUE,FALSE,"exact_ungapped_match",0,"H1_HA1(7-327)"
"H1N1","H1","H1 numbering",329,318,"HA1","H1 HA1 318","L","L",TRUE,FALSE,"exact_ungapped_match",0,"H1_HA1(7-327)"
"H1N1","H1","H1 numbering",330,319,"HA1","H1 HA1 319","R","R",TRUE,FALSE,"exact_ungapped_match",0,"H1_HA1(7-327)"
"H1N1","H1","H1 numbering",331,320,"HA1","H1 HA1 320","L","L",TRUE,FALSE,"exact_ungapped_match",0,"H1_HA1(7-327)"
"H1N1","H1","H1 numbering",332,321,"HA1","H1 HA1 321","A","A",TRUE,FALSE,"exact_ungapped_match",0,"H1_HA1(7-327)"
"H1N1","H1","H1 numbering",333,322,"HA1","H1 HA1 322","T","T",TRUE,FALSE,"exact_ungapped_match",0,"H1_HA1(7-327)"
"H1N1","H1","H1 numbering",334,323,"HA1","H1 HA1 323","G","G",TRUE,FALSE,"exact_ungapped_match",0,"H1_HA1(7-327)"
"H1N1","H1","H1 numbering",335,324,"HA1","H1 HA1 324","L","L",TRUE,FALSE,"exact_ungapped_match",0,"H1_HA1(7-327)"
"H1N1","H1","H1 numbering",336,325,"HA1","H1 HA1 325","R","R",TRUE,FALSE,"exact_ungapped_match",0,"H1_HA1(7-327)"
"H1N1","H1","H1 numbering",337,326,"HA1","H1 HA1 326","N","N",TRUE,FALSE,"exact_ungapped_match",0,"H1_HA1(7-327)"
"H1N1","H1","H1 numbering",338,327,"HA1","H1 HA1 327","V","V",TRUE,FALSE,"exact_ungapped_match",0,"H1_HA1(7-327)"
"H1N1","H1","H1 numbering",345,1,"HA2","H1 HA2 1","G","G",TRUE,FALSE,"exact_ungapped_match",0,"H1_HA2(1-162)"
"H1N1","H1","H1 numbering",346,2,"HA2","H1 HA2 2","L","L",TRUE,FALSE,"exact_ungapped_match",0,"H1_HA2(1-162)"
"H1N1","H1","H1 numbering",347,3,"HA2","H1 HA2 3","F","F",TRUE,FALSE,"exact_ungapped_match",0,"H1_HA2(1-162)"
"H1N1","H1","H1 numbering",348,4,"HA2","H1 HA2 4","G","G",TRUE,FALSE,"exact_ungapped_match",0,"H1_HA2(1-162)"
"H1N1","H1","H1 numbering",349,5,"HA2","H1 HA2 5","A","A",TRUE,FALSE,"exact_ungapped_match",0,"H1_HA2(1-162)"
"H1N1","H1","H1 numbering",350,6,"HA2","H1 HA2 6","I","I",TRUE,FALSE,"exact_ungapped_match",0,"H1_HA2(1-162)"
"H1N1","H1","H1 numbering",351,7,"HA2","H1 HA2 7","A","A",TRUE,FALSE,"exact_ungapped_match",0,"H1_HA2(1-162)"
"H1N1","H1","H1 numbering",352,8,"HA2","H1 HA2 8","G","G",TRUE,FALSE,"exact_ungapped_match",0,"H1_HA2(1-162)"
"H1N1","H1","H1 numbering",353,9,"HA2","H1 HA2 9","F","F",TRUE,FALSE,"exact_ungapped_match",0,"H1_HA2(1-162)"
"H1N1","H1","H1 numbering",354,10,"HA2","H1 HA2 10","I","I",TRUE,FALSE,"exact_ungapped_match",0,"H1_HA2(1-162)"
"H1N1","H1","H1 numbering",355,11,"HA2","H1 HA2 11","E","E",TRUE,FALSE,"exact_ungapped_match",0,"H1_HA2(1-162)"
"H1N1","H1","H1 numbering",356,12,"HA2","H1 HA2 12","G","G",TRUE,FALSE,"exact_ungapped_match",0,"H1_HA2(1-162)"
"H1N1","H1","H1 numbering",357,13,"HA2","H1 HA2 13","G","G",TRUE,FALSE,"exact_ungapped_match",0,"H1_HA2(1-162)"
"H1N1","H1","H1 numbering",358,14,"HA2","H1 HA2 14","W","W",TRUE,FALSE,"exact_ungapped_match",0,"H1_HA2(1-162)"
"H1N1","H1","H1 numbering",359,15,"HA2","H1 HA2 15","T","T",TRUE,FALSE,"exact_ungapped_match",0,"H1_HA2(1-162)"
"H1N1","H1","H1 numbering",360,16,"HA2","H1 HA2 16","G","G",TRUE,FALSE,"exact_ungapped_match",0,"H1_HA2(1-162)"
"H1N1","H1","H1 numbering",361,17,"HA2","H1 HA2 17","M","M",TRUE,FALSE,"exact_ungapped_match",0,"H1_HA2(1-162)"
"H1N1","H1","H1 numbering",362,18,"HA2","H1 HA2 18","V","V",TRUE,FALSE,"exact_ungapped_match",0,"H1_HA2(1-162)"
"H1N1","H1","H1 numbering",363,19,"HA2","H1 HA2 19","D","D",TRUE,FALSE,"exact_ungapped_match",0,"H1_HA2(1-162)"
"H1N1","H1","H1 numbering",364,20,"HA2","H1 HA2 20","G","G",TRUE,FALSE,"exact_ungapped_match",0,"H1_HA2(1-162)"
"H1N1","H1","H1 numbering",365,21,"HA2","H1 HA2 21","W","W",TRUE,FALSE,"exact_ungapped_match",0,"H1_HA2(1-162)"
"H1N1","H1","H1 numbering",366,22,"HA2","H1 HA2 22","Y","Y",TRUE,FALSE,"exact_ungapped_match",0,"H1_HA2(1-162)"
"H1N1","H1","H1 numbering",367,23,"HA2","H1 HA2 23","G","G",TRUE,FALSE,"exact_ungapped_match",0,"H1_HA2(1-162)"
"H1N1","H1","H1 numbering",368,24,"HA2","H1 HA2 24","Y","Y",TRUE,FALSE,"exact_ungapped_match",0,"H1_HA2(1-162)"
"H1N1","H1","H1 numbering",369,25,"HA2","H1 HA2 25","H","H",TRUE,FALSE,"exact_ungapped_match",0,"H1_HA2(1-162)"
"H1N1","H1","H1 numbering",370,26,"HA2","H1 HA2 26","H","H",TRUE,FALSE,"exact_ungapped_match",0,"H1_HA2(1-162)"
"H1N1","H1","H1 numbering",371,27,"HA2","H1 HA2 27","Q","Q",TRUE,FALSE,"exact_ungapped_match",0,"H1_HA2(1-162)"
"H1N1","H1","H1 numbering",372,28,"HA2","H1 HA2 28","N","N",TRUE,FALSE,"exact_ungapped_match",0,"H1_HA2(1-162)"
"H1N1","H1","H1 numbering",373,29,"HA2","H1 HA2 29","E","E",TRUE,FALSE,"exact_ungapped_match",0,"H1_HA2(1-162)"
"H1N1","H1","H1 numbering",374,30,"HA2","H1 HA2 30","Q","Q",TRUE,FALSE,"exact_ungapped_match",0,"H1_HA2(1-162)"
"H1N1","H1","H1 numbering",375,31,"HA2","H1 HA2 31","G","G",TRUE,FALSE,"exact_ungapped_match",0,"H1_HA2(1-162)"
"H1N1","H1","H1 numbering",376,32,"HA2","H1 HA2 32","S","S",TRUE,FALSE,"exact_ungapped_match",0,"H1_HA2(1-162)"
"H1N1","H1","H1 numbering",377,33,"HA2","H1 HA2 33","G","G",TRUE,FALSE,"exact_ungapped_match",0,"H1_HA2(1-162)"
"H1N1","H1","H1 numbering",378,34,"HA2","H1 HA2 34","Y","Y",TRUE,FALSE,"exact_ungapped_match",0,"H1_HA2(1-162)"
"H1N1","H1","H1 numbering",379,35,"HA2","H1 HA2 35","A","A",TRUE,FALSE,"exact_ungapped_match",0,"H1_HA2(1-162)"
"H1N1","H1","H1 numbering",380,36,"HA2","H1 HA2 36","A","A",TRUE,FALSE,"exact_ungapped_match",0,"H1_HA2(1-162)"
"H1N1","H1","H1 numbering",381,37,"HA2","H1 HA2 37","D","D",TRUE,FALSE,"exact_ungapped_match",0,"H1_HA2(1-162)"
"H1N1","H1","H1 numbering",382,38,"HA2","H1 HA2 38","L","L",TRUE,FALSE,"exact_ungapped_match",0,"H1_HA2(1-162)"
"H1N1","H1","H1 numbering",383,39,"HA2","H1 HA2 39","K","K",TRUE,FALSE,"exact_ungapped_match",0,"H1_HA2(1-162)"
"H1N1","H1","H1 numbering",384,40,"HA2","H1 HA2 40","S","S",TRUE,FALSE,"exact_ungapped_match",0,"H1_HA2(1-162)"
"H1N1","H1","H1 numbering",385,41,"HA2","H1 HA2 41","T","T",TRUE,FALSE,"exact_ungapped_match",0,"H1_HA2(1-162)"
"H1N1","H1","H1 numbering",386,42,"HA2","H1 HA2 42","Q","Q",TRUE,FALSE,"exact_ungapped_match",0,"H1_HA2(1-162)"
"H1N1","H1","H1 numbering",387,43,"HA2","H1 HA2 43","N","N",TRUE,FALSE,"exact_ungapped_match",0,"H1_HA2(1-162)"
"H1N1","H1","H1 numbering",388,44,"HA2","H1 HA2 44","A","A",TRUE,FALSE,"exact_ungapped_match",0,"H1_HA2(1-162)"
"H1N1","H1","H1 numbering",389,45,"HA2","H1 HA2 45","I","I",TRUE,FALSE,"exact_ungapped_match",0,"H1_HA2(1-162)"
"H1N1","H1","H1 numbering",390,46,"HA2","H1 HA2 46","D","D",TRUE,FALSE,"exact_ungapped_match",0,"H1_HA2(1-162)"
"H1N1","H1","H1 numbering",391,47,"HA2","H1 HA2 47","K","K",TRUE,FALSE,"exact_ungapped_match",0,"H1_HA2(1-162)"
"H1N1","H1","H1 numbering",392,48,"HA2","H1 HA2 48","I","I",TRUE,FALSE,"exact_ungapped_match",0,"H1_HA2(1-162)"
"H1N1","H1","H1 numbering",393,49,"HA2","H1 HA2 49","T","T",TRUE,FALSE,"exact_ungapped_match",0,"H1_HA2(1-162)"
"H1N1","H1","H1 numbering",394,50,"HA2","H1 HA2 50","N","N",TRUE,FALSE,"exact_ungapped_match",0,"H1_HA2(1-162)"
"H1N1","H1","H1 numbering",395,51,"HA2","H1 HA2 51","K","K",TRUE,FALSE,"exact_ungapped_match",0,"H1_HA2(1-162)"
"H1N1","H1","H1 numbering",396,52,"HA2","H1 HA2 52","V","V",TRUE,FALSE,"exact_ungapped_match",0,"H1_HA2(1-162)"
"H1N1","H1","H1 numbering",397,53,"HA2","H1 HA2 53","N","N",TRUE,FALSE,"exact_ungapped_match",0,"H1_HA2(1-162)"
"H1N1","H1","H1 numbering",398,54,"HA2","H1 HA2 54","S","S",TRUE,FALSE,"exact_ungapped_match",0,"H1_HA2(1-162)"
"H1N1","H1","H1 numbering",399,55,"HA2","H1 HA2 55","V","V",TRUE,FALSE,"exact_ungapped_match",0,"H1_HA2(1-162)"
"H1N1","H1","H1 numbering",400,56,"HA2","H1 HA2 56","I","I",TRUE,FALSE,"exact_ungapped_match",0,"H1_HA2(1-162)"
"H1N1","H1","H1 numbering",401,57,"HA2","H1 HA2 57","E","E",TRUE,FALSE,"exact_ungapped_match",0,"H1_HA2(1-162)"
"H1N1","H1","H1 numbering",402,58,"HA2","H1 HA2 58","K","K",TRUE,FALSE,"exact_ungapped_match",0,"H1_HA2(1-162)"
"H1N1","H1","H1 numbering",403,59,"HA2","H1 HA2 59","M","M",TRUE,FALSE,"exact_ungapped_match",0,"H1_HA2(1-162)"
"H1N1","H1","H1 numbering",404,60,"HA2","H1 HA2 60","N","N",TRUE,FALSE,"exact_ungapped_match",0,"H1_HA2(1-162)"
"H1N1","H1","H1 numbering",405,61,"HA2","H1 HA2 61","T","T",TRUE,FALSE,"exact_ungapped_match",0,"H1_HA2(1-162)"
"H1N1","H1","H1 numbering",406,62,"HA2","H1 HA2 62","Q","Q",TRUE,FALSE,"exact_ungapped_match",0,"H1_HA2(1-162)"
"H1N1","H1","H1 numbering",407,63,"HA2","H1 HA2 63","F","F",TRUE,FALSE,"exact_ungapped_match",0,"H1_HA2(1-162)"
"H1N1","H1","H1 numbering",408,64,"HA2","H1 HA2 64","T","T",TRUE,FALSE,"exact_ungapped_match",0,"H1_HA2(1-162)"
"H1N1","H1","H1 numbering",409,65,"HA2","H1 HA2 65","A","A",TRUE,FALSE,"exact_ungapped_match",0,"H1_HA2(1-162)"
"H1N1","H1","H1 numbering",410,66,"HA2","H1 HA2 66","V","V",TRUE,FALSE,"exact_ungapped_match",0,"H1_HA2(1-162)"
"H1N1","H1","H1 numbering",411,67,"HA2","H1 HA2 67","G","G",TRUE,FALSE,"exact_ungapped_match",0,"H1_HA2(1-162)"
"H1N1","H1","H1 numbering",412,68,"HA2","H1 HA2 68","K","K",TRUE,FALSE,"exact_ungapped_match",0,"H1_HA2(1-162)"
"H1N1","H1","H1 numbering",413,69,"HA2","H1 HA2 69","E","E",TRUE,FALSE,"exact_ungapped_match",0,"H1_HA2(1-162)"
"H1N1","H1","H1 numbering",414,70,"HA2","H1 HA2 70","F","F",TRUE,FALSE,"exact_ungapped_match",0,"H1_HA2(1-162)"
"H1N1","H1","H1 numbering",415,71,"HA2","H1 HA2 71","N","N",TRUE,FALSE,"exact_ungapped_match",0,"H1_HA2(1-162)"
"H1N1","H1","H1 numbering",416,72,"HA2","H1 HA2 72","H","H",TRUE,FALSE,"exact_ungapped_match",0,"H1_HA2(1-162)"
"H1N1","H1","H1 numbering",417,73,"HA2","H1 HA2 73","L","L",TRUE,FALSE,"exact_ungapped_match",0,"H1_HA2(1-162)"
"H1N1","H1","H1 numbering",418,74,"HA2","H1 HA2 74","E","E",TRUE,FALSE,"exact_ungapped_match",0,"H1_HA2(1-162)"
"H1N1","H1","H1 numbering",419,75,"HA2","H1 HA2 75","K","K",TRUE,FALSE,"exact_ungapped_match",0,"H1_HA2(1-162)"
"H1N1","H1","H1 numbering",420,76,"HA2","H1 HA2 76","R","R",TRUE,FALSE,"exact_ungapped_match",0,"H1_HA2(1-162)"
"H1N1","H1","H1 numbering",421,77,"HA2","H1 HA2 77","I","I",TRUE,FALSE,"exact_ungapped_match",0,"H1_HA2(1-162)"
"H1N1","H1","H1 numbering",422,78,"HA2","H1 HA2 78","E","E",TRUE,FALSE,"exact_ungapped_match",0,"H1_HA2(1-162)"
"H1N1","H1","H1 numbering",423,79,"HA2","H1 HA2 79","N","N",TRUE,FALSE,"exact_ungapped_match",0,"H1_HA2(1-162)"
"H1N1","H1","H1 numbering",424,80,"HA2","H1 HA2 80","L","L",TRUE,FALSE,"exact_ungapped_match",0,"H1_HA2(1-162)"
"H1N1","H1","H1 numbering",425,81,"HA2","H1 HA2 81","N","N",TRUE,FALSE,"exact_ungapped_match",0,"H1_HA2(1-162)"
"H1N1","H1","H1 numbering",426,82,"HA2","H1 HA2 82","K","K",TRUE,FALSE,"exact_ungapped_match",0,"H1_HA2(1-162)"
"H1N1","H1","H1 numbering",427,83,"HA2","H1 HA2 83","K","K",TRUE,FALSE,"exact_ungapped_match",0,"H1_HA2(1-162)"
"H1N1","H1","H1 numbering",428,84,"HA2","H1 HA2 84","V","V",TRUE,FALSE,"exact_ungapped_match",0,"H1_HA2(1-162)"
"H1N1","H1","H1 numbering",429,85,"HA2","H1 HA2 85","D","D",TRUE,FALSE,"exact_ungapped_match",0,"H1_HA2(1-162)"
"H1N1","H1","H1 numbering",430,86,"HA2","H1 HA2 86","D","D",TRUE,FALSE,"exact_ungapped_match",0,"H1_HA2(1-162)"
"H1N1","H1","H1 numbering",431,87,"HA2","H1 HA2 87","G","G",TRUE,FALSE,"exact_ungapped_match",0,"H1_HA2(1-162)"
"H1N1","H1","H1 numbering",432,88,"HA2","H1 HA2 88","F","F",TRUE,FALSE,"exact_ungapped_match",0,"H1_HA2(1-162)"
"H1N1","H1","H1 numbering",433,89,"HA2","H1 HA2 89","L","L",TRUE,FALSE,"exact_ungapped_match",0,"H1_HA2(1-162)"
"H1N1","H1","H1 numbering",434,90,"HA2","H1 HA2 90","D","D",TRUE,FALSE,"exact_ungapped_match",0,"H1_HA2(1-162)"
"H1N1","H1","H1 numbering",435,91,"HA2","H1 HA2 91","V","V",TRUE,FALSE,"exact_ungapped_match",0,"H1_HA2(1-162)"
"H1N1","H1","H1 numbering",436,92,"HA2","H1 HA2 92","W","W",TRUE,FALSE,"exact_ungapped_match",0,"H1_HA2(1-162)"
"H1N1","H1","H1 numbering",437,93,"HA2","H1 HA2 93","T","T",TRUE,FALSE,"exact_ungapped_match",0,"H1_HA2(1-162)"
"H1N1","H1","H1 numbering",438,94,"HA2","H1 HA2 94","Y","Y",TRUE,FALSE,"exact_ungapped_match",0,"H1_HA2(1-162)"
"H1N1","H1","H1 numbering",439,95,"HA2","H1 HA2 95","N","N",TRUE,FALSE,"exact_ungapped_match",0,"H1_HA2(1-162)"
"H1N1","H1","H1 numbering",440,96,"HA2","H1 HA2 96","A","A",TRUE,FALSE,"exact_ungapped_match",0,"H1_HA2(1-162)"
"H1N1","H1","H1 numbering",441,97,"HA2","H1 HA2 97","E","E",TRUE,FALSE,"exact_ungapped_match",0,"H1_HA2(1-162)"
"H1N1","H1","H1 numbering",442,98,"HA2","H1 HA2 98","L","L",TRUE,FALSE,"exact_ungapped_match",0,"H1_HA2(1-162)"
"H1N1","H1","H1 numbering",443,99,"HA2","H1 HA2 99","L","L",TRUE,FALSE,"exact_ungapped_match",0,"H1_HA2(1-162)"
"H1N1","H1","H1 numbering",444,100,"HA2","H1 HA2 100","V","V",TRUE,FALSE,"exact_ungapped_match",0,"H1_HA2(1-162)"
"H1N1","H1","H1 numbering",445,101,"HA2","H1 HA2 101","L","L",TRUE,FALSE,"exact_ungapped_match",0,"H1_HA2(1-162)"
"H1N1","H1","H1 numbering",446,102,"HA2","H1 HA2 102","L","L",TRUE,FALSE,"exact_ungapped_match",0,"H1_HA2(1-162)"
"H1N1","H1","H1 numbering",447,103,"HA2","H1 HA2 103","E","E",TRUE,FALSE,"exact_ungapped_match",0,"H1_HA2(1-162)"
"H1N1","H1","H1 numbering",448,104,"HA2","H1 HA2 104","N","N",TRUE,FALSE,"exact_ungapped_match",0,"H1_HA2(1-162)"
"H1N1","H1","H1 numbering",449,105,"HA2","H1 HA2 105","E","E",TRUE,FALSE,"exact_ungapped_match",0,"H1_HA2(1-162)"
"H1N1","H1","H1 numbering",450,106,"HA2","H1 HA2 106","R","R",TRUE,FALSE,"exact_ungapped_match",0,"H1_HA2(1-162)"
"H1N1","H1","H1 numbering",451,107,"HA2","H1 HA2 107","T","T",TRUE,FALSE,"exact_ungapped_match",0,"H1_HA2(1-162)"
"H1N1","H1","H1 numbering",452,108,"HA2","H1 HA2 108","L","L",TRUE,FALSE,"exact_ungapped_match",0,"H1_HA2(1-162)"
"H1N1","H1","H1 numbering",453,109,"HA2","H1 HA2 109","D","D",TRUE,FALSE,"exact_ungapped_match",0,"H1_HA2(1-162)"
"H1N1","H1","H1 numbering",454,110,"HA2","H1 HA2 110","Y","Y",TRUE,FALSE,"exact_ungapped_match",0,"H1_HA2(1-162)"
"H1N1","H1","H1 numbering",455,111,"HA2","H1 HA2 111","H","H",TRUE,FALSE,"exact_ungapped_match",0,"H1_HA2(1-162)"
"H1N1","H1","H1 numbering",456,112,"HA2","H1 HA2 112","D","D",TRUE,FALSE,"exact_ungapped_match",0,"H1_HA2(1-162)"
"H1N1","H1","H1 numbering",457,113,"HA2","H1 HA2 113","S","S",TRUE,FALSE,"exact_ungapped_match",0,"H1_HA2(1-162)"
"H1N1","H1","H1 numbering",458,114,"HA2","H1 HA2 114","N","N",TRUE,FALSE,"exact_ungapped_match",0,"H1_HA2(1-162)"
"H1N1","H1","H1 numbering",459,115,"HA2","H1 HA2 115","V","V",TRUE,FALSE,"exact_ungapped_match",0,"H1_HA2(1-162)"
"H1N1","H1","H1 numbering",460,116,"HA2","H1 HA2 116","K","K",TRUE,FALSE,"exact_ungapped_match",0,"H1_HA2(1-162)"
"H1N1","H1","H1 numbering",461,117,"HA2","H1 HA2 117","N","N",TRUE,FALSE,"exact_ungapped_match",0,"H1_HA2(1-162)"
"H1N1","H1","H1 numbering",462,118,"HA2","H1 HA2 118","L","L",TRUE,FALSE,"exact_ungapped_match",0,"H1_HA2(1-162)"
"H1N1","H1","H1 numbering",463,119,"HA2","H1 HA2 119","Y","Y",TRUE,FALSE,"exact_ungapped_match",0,"H1_HA2(1-162)"
"H1N1","H1","H1 numbering",464,120,"HA2","H1 HA2 120","E","E",TRUE,FALSE,"exact_ungapped_match",0,"H1_HA2(1-162)"
"H1N1","H1","H1 numbering",465,121,"HA2","H1 HA2 121","K","K",TRUE,FALSE,"exact_ungapped_match",0,"H1_HA2(1-162)"
"H1N1","H1","H1 numbering",466,122,"HA2","H1 HA2 122","V","V",TRUE,FALSE,"exact_ungapped_match",0,"H1_HA2(1-162)"
"H1N1","H1","H1 numbering",467,123,"HA2","H1 HA2 123","R","R",TRUE,FALSE,"exact_ungapped_match",0,"H1_HA2(1-162)"
"H1N1","H1","H1 numbering",468,124,"HA2","H1 HA2 124","N","N",TRUE,FALSE,"exact_ungapped_match",0,"H1_HA2(1-162)"
"H1N1","H1","H1 numbering",469,125,"HA2","H1 HA2 125","Q","Q",TRUE,FALSE,"exact_ungapped_match",0,"H1_HA2(1-162)"
"H1N1","H1","H1 numbering",470,126,"HA2","H1 HA2 126","L","L",TRUE,FALSE,"exact_ungapped_match",0,"H1_HA2(1-162)"
"H1N1","H1","H1 numbering",471,127,"HA2","H1 HA2 127","K","K",TRUE,FALSE,"exact_ungapped_match",0,"H1_HA2(1-162)"
"H1N1","H1","H1 numbering",472,128,"HA2","H1 HA2 128","N","N",TRUE,FALSE,"exact_ungapped_match",0,"H1_HA2(1-162)"
"H1N1","H1","H1 numbering",473,129,"HA2","H1 HA2 129","N","N",TRUE,FALSE,"exact_ungapped_match",0,"H1_HA2(1-162)"
"H1N1","H1","H1 numbering",474,130,"HA2","H1 HA2 130","A","A",TRUE,FALSE,"exact_ungapped_match",0,"H1_HA2(1-162)"
"H1N1","H1","H1 numbering",475,131,"HA2","H1 HA2 131","K","K",TRUE,FALSE,"exact_ungapped_match",0,"H1_HA2(1-162)"
"H1N1","H1","H1 numbering",476,132,"HA2","H1 HA2 132","E","E",TRUE,FALSE,"exact_ungapped_match",0,"H1_HA2(1-162)"
"H1N1","H1","H1 numbering",477,133,"HA2","H1 HA2 133","I","I",TRUE,FALSE,"exact_ungapped_match",0,"H1_HA2(1-162)"
"H1N1","H1","H1 numbering",478,134,"HA2","H1 HA2 134","G","G",TRUE,FALSE,"exact_ungapped_match",0,"H1_HA2(1-162)"
"H1N1","H1","H1 numbering",479,135,"HA2","H1 HA2 135","N","N",TRUE,FALSE,"exact_ungapped_match",0,"H1_HA2(1-162)"
"H1N1","H1","H1 numbering",480,136,"HA2","H1 HA2 136","G","G",TRUE,FALSE,"exact_ungapped_match",0,"H1_HA2(1-162)"
"H1N1","H1","H1 numbering",481,137,"HA2","H1 HA2 137","C","C",TRUE,FALSE,"exact_ungapped_match",0,"H1_HA2(1-162)"
"H1N1","H1","H1 numbering",482,138,"HA2","H1 HA2 138","F","F",TRUE,FALSE,"exact_ungapped_match",0,"H1_HA2(1-162)"
"H1N1","H1","H1 numbering",483,139,"HA2","H1 HA2 139","E","E",TRUE,FALSE,"exact_ungapped_match",0,"H1_HA2(1-162)"
"H1N1","H1","H1 numbering",484,140,"HA2","H1 HA2 140","F","F",TRUE,FALSE,"exact_ungapped_match",0,"H1_HA2(1-162)"
"H1N1","H1","H1 numbering",485,141,"HA2","H1 HA2 141","Y","Y",TRUE,FALSE,"exact_ungapped_match",0,"H1_HA2(1-162)"
"H1N1","H1","H1 numbering",486,142,"HA2","H1 HA2 142","H","H",TRUE,FALSE,"exact_ungapped_match",0,"H1_HA2(1-162)"
"H1N1","H1","H1 numbering",487,143,"HA2","H1 HA2 143","K","K",TRUE,FALSE,"exact_ungapped_match",0,"H1_HA2(1-162)"
"H1N1","H1","H1 numbering",488,144,"HA2","H1 HA2 144","C","C",TRUE,FALSE,"exact_ungapped_match",0,"H1_HA2(1-162)"
"H1N1","H1","H1 numbering",489,145,"HA2","H1 HA2 145","D","D",TRUE,FALSE,"exact_ungapped_match",0,"H1_HA2(1-162)"
"H1N1","H1","H1 numbering",490,146,"HA2","H1 HA2 146","N","N",TRUE,FALSE,"exact_ungapped_match",0,"H1_HA2(1-162)"
"H1N1","H1","H1 numbering",491,147,"HA2","H1 HA2 147","T","T",TRUE,FALSE,"exact_ungapped_match",0,"H1_HA2(1-162)"
"H1N1","H1","H1 numbering",492,148,"HA2","H1 HA2 148","C","C",TRUE,FALSE,"exact_ungapped_match",0,"H1_HA2(1-162)"
"H1N1","H1","H1 numbering",493,149,"HA2","H1 HA2 149","M","M",TRUE,FALSE,"exact_ungapped_match",0,"H1_HA2(1-162)"
"H1N1","H1","H1 numbering",494,150,"HA2","H1 HA2 150","E","E",TRUE,FALSE,"exact_ungapped_match",0,"H1_HA2(1-162)"
"H1N1","H1","H1 numbering",495,151,"HA2","H1 HA2 151","S","S",TRUE,FALSE,"exact_ungapped_match",0,"H1_HA2(1-162)"
"H1N1","H1","H1 numbering",496,152,"HA2","H1 HA2 152","V","V",TRUE,FALSE,"exact_ungapped_match",0,"H1_HA2(1-162)"
"H1N1","H1","H1 numbering",497,153,"HA2","H1 HA2 153","K","K",TRUE,FALSE,"exact_ungapped_match",0,"H1_HA2(1-162)"
"H1N1","H1","H1 numbering",498,154,"HA2","H1 HA2 154","N","N",TRUE,FALSE,"exact_ungapped_match",0,"H1_HA2(1-162)"
"H1N1","H1","H1 numbering",499,155,"HA2","H1 HA2 155","G","G",TRUE,FALSE,"exact_ungapped_match",0,"H1_HA2(1-162)"
"H1N1","H1","H1 numbering",500,156,"HA2","H1 HA2 156","T","T",TRUE,FALSE,"exact_ungapped_match",0,"H1_HA2(1-162)"
"H1N1","H1","H1 numbering",501,157,"HA2","H1 HA2 157","Y","Y",TRUE,FALSE,"exact_ungapped_match",0,"H1_HA2(1-162)"
"H1N1","H1","H1 numbering",502,158,"HA2","H1 HA2 158","D","D",TRUE,FALSE,"exact_ungapped_match",0,"H1_HA2(1-162)"
"H1N1","H1","H1 numbering",503,159,"HA2","H1 HA2 159","Y","Y",TRUE,FALSE,"exact_ungapped_match",0,"H1_HA2(1-162)"
"H1N1","H1","H1 numbering",504,160,"HA2","H1 HA2 160","P","P",TRUE,FALSE,"exact_ungapped_match",0,"H1_HA2(1-162)"
"H1N1","H1","H1 numbering",505,161,"HA2","H1 HA2 161","K","K",TRUE,FALSE,"exact_ungapped_match",0,"H1_HA2(1-162)"
"H1N1","H1","H1 numbering",506,162,"HA2","H1 HA2 162","Y","Y",TRUE,FALSE,"exact_ungapped_match",0,"H1_HA2(1-162)"
"H3N2","H3","H3 numbering",17,1,"HA1","H3 HA1 1","Q","Q",TRUE,FALSE,"exact_ungapped_match",0,"H3_HA1(1-328)"
"H3N2","H3","H3 numbering",18,2,"HA1","H3 HA1 2","K","K",TRUE,FALSE,"exact_ungapped_match",0,"H3_HA1(1-328)"
"H3N2","H3","H3 numbering",19,3,"HA1","H3 HA1 3","I","I",TRUE,FALSE,"exact_ungapped_match",0,"H3_HA1(1-328)"
"H3N2","H3","H3 numbering",20,4,"HA1","H3 HA1 4","P","P",TRUE,FALSE,"exact_ungapped_match",0,"H3_HA1(1-328)"
"H3N2","H3","H3 numbering",21,5,"HA1","H3 HA1 5","G","G",TRUE,FALSE,"exact_ungapped_match",0,"H3_HA1(1-328)"
"H3N2","H3","H3 numbering",22,6,"HA1","H3 HA1 6","N","N",TRUE,FALSE,"exact_ungapped_match",0,"H3_HA1(1-328)"
"H3N2","H3","H3 numbering",23,7,"HA1","H3 HA1 7","D","D",TRUE,FALSE,"exact_ungapped_match",0,"H3_HA1(1-328)"
"H3N2","H3","H3 numbering",24,8,"HA1","H3 HA1 8","N","N",TRUE,FALSE,"exact_ungapped_match",0,"H3_HA1(1-328)"
"H3N2","H3","H3 numbering",25,9,"HA1","H3 HA1 9","S","S",TRUE,FALSE,"exact_ungapped_match",0,"H3_HA1(1-328)"
"H3N2","H3","H3 numbering",26,10,"HA1","H3 HA1 10","T","T",TRUE,FALSE,"exact_ungapped_match",0,"H3_HA1(1-328)"
"H3N2","H3","H3 numbering",27,11,"HA1","H3 HA1 11","A","A",TRUE,FALSE,"exact_ungapped_match",0,"H3_HA1(1-328)"
"H3N2","H3","H3 numbering",28,12,"HA1","H3 HA1 12","T","T",TRUE,FALSE,"exact_ungapped_match",0,"H3_HA1(1-328)"
"H3N2","H3","H3 numbering",29,13,"HA1","H3 HA1 13","L","L",TRUE,FALSE,"exact_ungapped_match",0,"H3_HA1(1-328)"
"H3N2","H3","H3 numbering",30,14,"HA1","H3 HA1 14","C","C",TRUE,FALSE,"exact_ungapped_match",0,"H3_HA1(1-328)"
"H3N2","H3","H3 numbering",31,15,"HA1","H3 HA1 15","L","L",TRUE,FALSE,"exact_ungapped_match",0,"H3_HA1(1-328)"
"H3N2","H3","H3 numbering",32,16,"HA1","H3 HA1 16","G","G",TRUE,FALSE,"exact_ungapped_match",0,"H3_HA1(1-328)"
"H3N2","H3","H3 numbering",33,17,"HA1","H3 HA1 17","H","H",TRUE,FALSE,"exact_ungapped_match",0,"H3_HA1(1-328)"
"H3N2","H3","H3 numbering",34,18,"HA1","H3 HA1 18","H","H",TRUE,FALSE,"exact_ungapped_match",0,"H3_HA1(1-328)"
"H3N2","H3","H3 numbering",35,19,"HA1","H3 HA1 19","A","A",TRUE,FALSE,"exact_ungapped_match",0,"H3_HA1(1-328)"
"H3N2","H3","H3 numbering",36,20,"HA1","H3 HA1 20","V","V",TRUE,FALSE,"exact_ungapped_match",0,"H3_HA1(1-328)"
"H3N2","H3","H3 numbering",37,21,"HA1","H3 HA1 21","P","P",TRUE,FALSE,"exact_ungapped_match",0,"H3_HA1(1-328)"
"H3N2","H3","H3 numbering",38,22,"HA1","H3 HA1 22","N","N",TRUE,FALSE,"exact_ungapped_match",0,"H3_HA1(1-328)"
"H3N2","H3","H3 numbering",39,23,"HA1","H3 HA1 23","G","G",TRUE,FALSE,"exact_ungapped_match",0,"H3_HA1(1-328)"
"H3N2","H3","H3 numbering",40,24,"HA1","H3 HA1 24","T","T",TRUE,FALSE,"exact_ungapped_match",0,"H3_HA1(1-328)"
"H3N2","H3","H3 numbering",41,25,"HA1","H3 HA1 25","I","I",TRUE,FALSE,"exact_ungapped_match",0,"H3_HA1(1-328)"
"H3N2","H3","H3 numbering",42,26,"HA1","H3 HA1 26","V","V",TRUE,FALSE,"exact_ungapped_match",0,"H3_HA1(1-328)"
"H3N2","H3","H3 numbering",43,27,"HA1","H3 HA1 27","K","K",TRUE,FALSE,"exact_ungapped_match",0,"H3_HA1(1-328)"
"H3N2","H3","H3 numbering",44,28,"HA1","H3 HA1 28","T","T",TRUE,FALSE,"exact_ungapped_match",0,"H3_HA1(1-328)"
"H3N2","H3","H3 numbering",45,29,"HA1","H3 HA1 29","I","I",TRUE,FALSE,"exact_ungapped_match",0,"H3_HA1(1-328)"
"H3N2","H3","H3 numbering",46,30,"HA1","H3 HA1 30","T","T",TRUE,FALSE,"exact_ungapped_match",0,"H3_HA1(1-328)"
"H3N2","H3","H3 numbering",47,31,"HA1","H3 HA1 31","N","N",TRUE,FALSE,"exact_ungapped_match",0,"H3_HA1(1-328)"
"H3N2","H3","H3 numbering",48,32,"HA1","H3 HA1 32","D","D",TRUE,FALSE,"exact_ungapped_match",0,"H3_HA1(1-328)"
"H3N2","H3","H3 numbering",49,33,"HA1","H3 HA1 33","R","R",TRUE,FALSE,"exact_ungapped_match",0,"H3_HA1(1-328)"
"H3N2","H3","H3 numbering",50,34,"HA1","H3 HA1 34","I","I",TRUE,FALSE,"exact_ungapped_match",0,"H3_HA1(1-328)"
"H3N2","H3","H3 numbering",51,35,"HA1","H3 HA1 35","E","E",TRUE,FALSE,"exact_ungapped_match",0,"H3_HA1(1-328)"
"H3N2","H3","H3 numbering",52,36,"HA1","H3 HA1 36","V","V",TRUE,FALSE,"exact_ungapped_match",0,"H3_HA1(1-328)"
"H3N2","H3","H3 numbering",53,37,"HA1","H3 HA1 37","T","T",TRUE,FALSE,"exact_ungapped_match",0,"H3_HA1(1-328)"
"H3N2","H3","H3 numbering",54,38,"HA1","H3 HA1 38","N","N",TRUE,FALSE,"exact_ungapped_match",0,"H3_HA1(1-328)"
"H3N2","H3","H3 numbering",55,39,"HA1","H3 HA1 39","A","A",TRUE,FALSE,"exact_ungapped_match",0,"H3_HA1(1-328)"
"H3N2","H3","H3 numbering",56,40,"HA1","H3 HA1 40","T","T",TRUE,FALSE,"exact_ungapped_match",0,"H3_HA1(1-328)"
"H3N2","H3","H3 numbering",57,41,"HA1","H3 HA1 41","E","E",TRUE,FALSE,"exact_ungapped_match",0,"H3_HA1(1-328)"
"H3N2","H3","H3 numbering",58,42,"HA1","H3 HA1 42","L","L",TRUE,FALSE,"exact_ungapped_match",0,"H3_HA1(1-328)"
"H3N2","H3","H3 numbering",59,43,"HA1","H3 HA1 43","V","V",TRUE,FALSE,"exact_ungapped_match",0,"H3_HA1(1-328)"
"H3N2","H3","H3 numbering",60,44,"HA1","H3 HA1 44","Q","Q",TRUE,FALSE,"exact_ungapped_match",0,"H3_HA1(1-328)"
"H3N2","H3","H3 numbering",61,45,"HA1","H3 HA1 45","N","N",TRUE,FALSE,"exact_ungapped_match",0,"H3_HA1(1-328)"
"H3N2","H3","H3 numbering",62,46,"HA1","H3 HA1 46","S","S",TRUE,FALSE,"exact_ungapped_match",0,"H3_HA1(1-328)"
"H3N2","H3","H3 numbering",63,47,"HA1","H3 HA1 47","S","S",TRUE,FALSE,"exact_ungapped_match",0,"H3_HA1(1-328)"
"H3N2","H3","H3 numbering",64,48,"HA1","H3 HA1 48","I","I",TRUE,FALSE,"exact_ungapped_match",0,"H3_HA1(1-328)"
"H3N2","H3","H3 numbering",65,49,"HA1","H3 HA1 49","G","G",TRUE,FALSE,"exact_ungapped_match",0,"H3_HA1(1-328)"
"H3N2","H3","H3 numbering",66,50,"HA1","H3 HA1 50","E","E",TRUE,FALSE,"exact_ungapped_match",0,"H3_HA1(1-328)"
"H3N2","H3","H3 numbering",67,51,"HA1","H3 HA1 51","I","I",TRUE,FALSE,"exact_ungapped_match",0,"H3_HA1(1-328)"
"H3N2","H3","H3 numbering",68,52,"HA1","H3 HA1 52","C","C",TRUE,FALSE,"exact_ungapped_match",0,"H3_HA1(1-328)"
"H3N2","H3","H3 numbering",69,53,"HA1","H3 HA1 53","N","N",TRUE,FALSE,"exact_ungapped_match",0,"H3_HA1(1-328)"
"H3N2","H3","H3 numbering",70,54,"HA1","H3 HA1 54","S","S",TRUE,FALSE,"exact_ungapped_match",0,"H3_HA1(1-328)"
"H3N2","H3","H3 numbering",71,55,"HA1","H3 HA1 55","P","P",TRUE,FALSE,"exact_ungapped_match",0,"H3_HA1(1-328)"
"H3N2","H3","H3 numbering",72,56,"HA1","H3 HA1 56","H","H",TRUE,FALSE,"exact_ungapped_match",0,"H3_HA1(1-328)"
"H3N2","H3","H3 numbering",73,57,"HA1","H3 HA1 57","Q","Q",TRUE,FALSE,"exact_ungapped_match",0,"H3_HA1(1-328)"
"H3N2","H3","H3 numbering",74,58,"HA1","H3 HA1 58","I","I",TRUE,FALSE,"exact_ungapped_match",0,"H3_HA1(1-328)"
"H3N2","H3","H3 numbering",75,59,"HA1","H3 HA1 59","L","L",TRUE,FALSE,"exact_ungapped_match",0,"H3_HA1(1-328)"
"H3N2","H3","H3 numbering",76,60,"HA1","H3 HA1 60","D","D",TRUE,FALSE,"exact_ungapped_match",0,"H3_HA1(1-328)"
"H3N2","H3","H3 numbering",77,61,"HA1","H3 HA1 61","G","G",TRUE,FALSE,"exact_ungapped_match",0,"H3_HA1(1-328)"
"H3N2","H3","H3 numbering",78,62,"HA1","H3 HA1 62","G","G",TRUE,FALSE,"exact_ungapped_match",0,"H3_HA1(1-328)"
"H3N2","H3","H3 numbering",79,63,"HA1","H3 HA1 63","N","N",TRUE,FALSE,"exact_ungapped_match",0,"H3_HA1(1-328)"
"H3N2","H3","H3 numbering",80,64,"HA1","H3 HA1 64","C","C",TRUE,FALSE,"exact_ungapped_match",0,"H3_HA1(1-328)"
"H3N2","H3","H3 numbering",81,65,"HA1","H3 HA1 65","T","T",TRUE,FALSE,"exact_ungapped_match",0,"H3_HA1(1-328)"
"H3N2","H3","H3 numbering",82,66,"HA1","H3 HA1 66","L","L",TRUE,FALSE,"exact_ungapped_match",0,"H3_HA1(1-328)"
"H3N2","H3","H3 numbering",83,67,"HA1","H3 HA1 67","I","I",TRUE,FALSE,"exact_ungapped_match",0,"H3_HA1(1-328)"
"H3N2","H3","H3 numbering",84,68,"HA1","H3 HA1 68","D","D",TRUE,FALSE,"exact_ungapped_match",0,"H3_HA1(1-328)"
"H3N2","H3","H3 numbering",85,69,"HA1","H3 HA1 69","A","A",TRUE,FALSE,"exact_ungapped_match",0,"H3_HA1(1-328)"
"H3N2","H3","H3 numbering",86,70,"HA1","H3 HA1 70","L","L",TRUE,FALSE,"exact_ungapped_match",0,"H3_HA1(1-328)"
"H3N2","H3","H3 numbering",87,71,"HA1","H3 HA1 71","L","L",TRUE,FALSE,"exact_ungapped_match",0,"H3_HA1(1-328)"
"H3N2","H3","H3 numbering",88,72,"HA1","H3 HA1 72","G","G",TRUE,FALSE,"exact_ungapped_match",0,"H3_HA1(1-328)"
"H3N2","H3","H3 numbering",89,73,"HA1","H3 HA1 73","D","D",TRUE,FALSE,"exact_ungapped_match",0,"H3_HA1(1-328)"
"H3N2","H3","H3 numbering",90,74,"HA1","H3 HA1 74","P","P",TRUE,FALSE,"exact_ungapped_match",0,"H3_HA1(1-328)"
"H3N2","H3","H3 numbering",91,75,"HA1","H3 HA1 75","Q","Q",TRUE,FALSE,"exact_ungapped_match",0,"H3_HA1(1-328)"
"H3N2","H3","H3 numbering",92,76,"HA1","H3 HA1 76","C","C",TRUE,FALSE,"exact_ungapped_match",0,"H3_HA1(1-328)"
"H3N2","H3","H3 numbering",93,77,"HA1","H3 HA1 77","D","D",TRUE,FALSE,"exact_ungapped_match",0,"H3_HA1(1-328)"
"H3N2","H3","H3 numbering",94,78,"HA1","H3 HA1 78","G","G",TRUE,FALSE,"exact_ungapped_match",0,"H3_HA1(1-328)"
"H3N2","H3","H3 numbering",95,79,"HA1","H3 HA1 79","F","F",TRUE,FALSE,"exact_ungapped_match",0,"H3_HA1(1-328)"
"H3N2","H3","H3 numbering",96,80,"HA1","H3 HA1 80","Q","Q",TRUE,FALSE,"exact_ungapped_match",0,"H3_HA1(1-328)"
"H3N2","H3","H3 numbering",97,81,"HA1","H3 HA1 81","N","N",TRUE,FALSE,"exact_ungapped_match",0,"H3_HA1(1-328)"
"H3N2","H3","H3 numbering",98,82,"HA1","H3 HA1 82","K","K",TRUE,FALSE,"exact_ungapped_match",0,"H3_HA1(1-328)"
"H3N2","H3","H3 numbering",99,83,"HA1","H3 HA1 83","E","E",TRUE,FALSE,"exact_ungapped_match",0,"H3_HA1(1-328)"
"H3N2","H3","H3 numbering",100,84,"HA1","H3 HA1 84","W","W",TRUE,FALSE,"exact_ungapped_match",0,"H3_HA1(1-328)"
"H3N2","H3","H3 numbering",101,85,"HA1","H3 HA1 85","D","D",TRUE,FALSE,"exact_ungapped_match",0,"H3_HA1(1-328)"
"H3N2","H3","H3 numbering",102,86,"HA1","H3 HA1 86","L","L",TRUE,FALSE,"exact_ungapped_match",0,"H3_HA1(1-328)"
"H3N2","H3","H3 numbering",103,87,"HA1","H3 HA1 87","F","F",TRUE,FALSE,"exact_ungapped_match",0,"H3_HA1(1-328)"
"H3N2","H3","H3 numbering",104,88,"HA1","H3 HA1 88","V","V",TRUE,FALSE,"exact_ungapped_match",0,"H3_HA1(1-328)"
"H3N2","H3","H3 numbering",105,89,"HA1","H3 HA1 89","E","E",TRUE,FALSE,"exact_ungapped_match",0,"H3_HA1(1-328)"
"H3N2","H3","H3 numbering",106,90,"HA1","H3 HA1 90","R","R",TRUE,FALSE,"exact_ungapped_match",0,"H3_HA1(1-328)"
"H3N2","H3","H3 numbering",107,91,"HA1","H3 HA1 91","S","S",TRUE,FALSE,"exact_ungapped_match",0,"H3_HA1(1-328)"
"H3N2","H3","H3 numbering",108,92,"HA1","H3 HA1 92","R","R",TRUE,FALSE,"exact_ungapped_match",0,"H3_HA1(1-328)"
"H3N2","H3","H3 numbering",109,93,"HA1","H3 HA1 93","A","A",TRUE,FALSE,"exact_ungapped_match",0,"H3_HA1(1-328)"
"H3N2","H3","H3 numbering",110,94,"HA1","H3 HA1 94","N","N",TRUE,FALSE,"exact_ungapped_match",0,"H3_HA1(1-328)"
"H3N2","H3","H3 numbering",111,95,"HA1","H3 HA1 95","S","S",TRUE,FALSE,"exact_ungapped_match",0,"H3_HA1(1-328)"
"H3N2","H3","H3 numbering",112,96,"HA1","H3 HA1 96","N","N",TRUE,FALSE,"exact_ungapped_match",0,"H3_HA1(1-328)"
"H3N2","H3","H3 numbering",113,97,"HA1","H3 HA1 97","C","C",TRUE,FALSE,"exact_ungapped_match",0,"H3_HA1(1-328)"
"H3N2","H3","H3 numbering",114,98,"HA1","H3 HA1 98","Y","Y",TRUE,FALSE,"exact_ungapped_match",0,"H3_HA1(1-328)"
"H3N2","H3","H3 numbering",115,99,"HA1","H3 HA1 99","P","P",TRUE,FALSE,"exact_ungapped_match",0,"H3_HA1(1-328)"
"H3N2","H3","H3 numbering",116,100,"HA1","H3 HA1 100","Y","Y",TRUE,FALSE,"exact_ungapped_match",0,"H3_HA1(1-328)"
"H3N2","H3","H3 numbering",117,101,"HA1","H3 HA1 101","D","D",TRUE,FALSE,"exact_ungapped_match",0,"H3_HA1(1-328)"
"H3N2","H3","H3 numbering",118,102,"HA1","H3 HA1 102","V","V",TRUE,FALSE,"exact_ungapped_match",0,"H3_HA1(1-328)"
"H3N2","H3","H3 numbering",119,103,"HA1","H3 HA1 103","P","P",TRUE,FALSE,"exact_ungapped_match",0,"H3_HA1(1-328)"
"H3N2","H3","H3 numbering",120,104,"HA1","H3 HA1 104","D","D",TRUE,FALSE,"exact_ungapped_match",0,"H3_HA1(1-328)"
"H3N2","H3","H3 numbering",121,105,"HA1","H3 HA1 105","Y","Y",TRUE,FALSE,"exact_ungapped_match",0,"H3_HA1(1-328)"
"H3N2","H3","H3 numbering",122,106,"HA1","H3 HA1 106","A","A",TRUE,FALSE,"exact_ungapped_match",0,"H3_HA1(1-328)"
"H3N2","H3","H3 numbering",123,107,"HA1","H3 HA1 107","S","S",TRUE,FALSE,"exact_ungapped_match",0,"H3_HA1(1-328)"
"H3N2","H3","H3 numbering",124,108,"HA1","H3 HA1 108","L","L",TRUE,FALSE,"exact_ungapped_match",0,"H3_HA1(1-328)"
"H3N2","H3","H3 numbering",125,109,"HA1","H3 HA1 109","R","R",TRUE,FALSE,"exact_ungapped_match",0,"H3_HA1(1-328)"
"H3N2","H3","H3 numbering",126,110,"HA1","H3 HA1 110","S","S",TRUE,FALSE,"exact_ungapped_match",0,"H3_HA1(1-328)"
"H3N2","H3","H3 numbering",127,111,"HA1","H3 HA1 111","L","L",TRUE,FALSE,"exact_ungapped_match",0,"H3_HA1(1-328)"
"H3N2","H3","H3 numbering",128,112,"HA1","H3 HA1 112","V","V",TRUE,FALSE,"exact_ungapped_match",0,"H3_HA1(1-328)"
"H3N2","H3","H3 numbering",129,113,"HA1","H3 HA1 113","A","A",TRUE,FALSE,"exact_ungapped_match",0,"H3_HA1(1-328)"
"H3N2","H3","H3 numbering",130,114,"HA1","H3 HA1 114","S","S",TRUE,FALSE,"exact_ungapped_match",0,"H3_HA1(1-328)"
"H3N2","H3","H3 numbering",131,115,"HA1","H3 HA1 115","S","S",TRUE,FALSE,"exact_ungapped_match",0,"H3_HA1(1-328)"
"H3N2","H3","H3 numbering",132,116,"HA1","H3 HA1 116","G","G",TRUE,FALSE,"exact_ungapped_match",0,"H3_HA1(1-328)"
"H3N2","H3","H3 numbering",133,117,"HA1","H3 HA1 117","T","T",TRUE,FALSE,"exact_ungapped_match",0,"H3_HA1(1-328)"
"H3N2","H3","H3 numbering",134,118,"HA1","H3 HA1 118","L","L",TRUE,FALSE,"exact_ungapped_match",0,"H3_HA1(1-328)"
"H3N2","H3","H3 numbering",135,119,"HA1","H3 HA1 119","E","E",TRUE,FALSE,"exact_ungapped_match",0,"H3_HA1(1-328)"
"H3N2","H3","H3 numbering",136,120,"HA1","H3 HA1 120","F","F",TRUE,FALSE,"exact_ungapped_match",0,"H3_HA1(1-328)"
"H3N2","H3","H3 numbering",137,121,"HA1","H3 HA1 121","K","K",TRUE,FALSE,"exact_ungapped_match",0,"H3_HA1(1-328)"
"H3N2","H3","H3 numbering",138,122,"HA1","H3 HA1 122","N","N",TRUE,FALSE,"exact_ungapped_match",0,"H3_HA1(1-328)"
"H3N2","H3","H3 numbering",139,123,"HA1","H3 HA1 123","E","E",TRUE,FALSE,"exact_ungapped_match",0,"H3_HA1(1-328)"
"H3N2","H3","H3 numbering",140,124,"HA1","H3 HA1 124","S","S",TRUE,FALSE,"exact_ungapped_match",0,"H3_HA1(1-328)"
"H3N2","H3","H3 numbering",141,125,"HA1","H3 HA1 125","F","F",TRUE,FALSE,"exact_ungapped_match",0,"H3_HA1(1-328)"
"H3N2","H3","H3 numbering",142,126,"HA1","H3 HA1 126","N","N",TRUE,FALSE,"exact_ungapped_match",0,"H3_HA1(1-328)"
"H3N2","H3","H3 numbering",143,127,"HA1","H3 HA1 127","W","W",TRUE,FALSE,"exact_ungapped_match",0,"H3_HA1(1-328)"
"H3N2","H3","H3 numbering",144,128,"HA1","H3 HA1 128","T","T",TRUE,FALSE,"exact_ungapped_match",0,"H3_HA1(1-328)"
"H3N2","H3","H3 numbering",145,129,"HA1","H3 HA1 129","G","G",TRUE,FALSE,"exact_ungapped_match",0,"H3_HA1(1-328)"
"H3N2","H3","H3 numbering",146,130,"HA1","H3 HA1 130","V","V",TRUE,FALSE,"exact_ungapped_match",0,"H3_HA1(1-328)"
"H3N2","H3","H3 numbering",147,131,"HA1","H3 HA1 131","K","K",TRUE,FALSE,"exact_ungapped_match",0,"H3_HA1(1-328)"
"H3N2","H3","H3 numbering",148,132,"HA1","H3 HA1 132","Q","Q",TRUE,FALSE,"exact_ungapped_match",0,"H3_HA1(1-328)"
"H3N2","H3","H3 numbering",149,133,"HA1","H3 HA1 133","N","N",TRUE,FALSE,"exact_ungapped_match",0,"H3_HA1(1-328)"
"H3N2","H3","H3 numbering",150,134,"HA1","H3 HA1 134","G","G",TRUE,FALSE,"exact_ungapped_match",0,"H3_HA1(1-328)"
"H3N2","H3","H3 numbering",151,135,"HA1","H3 HA1 135","T","T",TRUE,FALSE,"exact_ungapped_match",0,"H3_HA1(1-328)"
"H3N2","H3","H3 numbering",152,136,"HA1","H3 HA1 136","S","S",TRUE,FALSE,"exact_ungapped_match",0,"H3_HA1(1-328)"
"H3N2","H3","H3 numbering",153,137,"HA1","H3 HA1 137","S","S",TRUE,FALSE,"exact_ungapped_match",0,"H3_HA1(1-328)"
"H3N2","H3","H3 numbering",154,138,"HA1","H3 HA1 138","A","A",TRUE,FALSE,"exact_ungapped_match",0,"H3_HA1(1-328)"
"H3N2","H3","H3 numbering",155,139,"HA1","H3 HA1 139","C","C",TRUE,FALSE,"exact_ungapped_match",0,"H3_HA1(1-328)"
"H3N2","H3","H3 numbering",156,140,"HA1","H3 HA1 140","K","K",TRUE,FALSE,"exact_ungapped_match",0,"H3_HA1(1-328)"
"H3N2","H3","H3 numbering",157,141,"HA1","H3 HA1 141","R","R",TRUE,FALSE,"exact_ungapped_match",0,"H3_HA1(1-328)"
"H3N2","H3","H3 numbering",158,142,"HA1","H3 HA1 142","G","G",TRUE,FALSE,"exact_ungapped_match",0,"H3_HA1(1-328)"
"H3N2","H3","H3 numbering",159,143,"HA1","H3 HA1 143","S","S",TRUE,FALSE,"exact_ungapped_match",0,"H3_HA1(1-328)"
"H3N2","H3","H3 numbering",160,144,"HA1","H3 HA1 144","S","S",TRUE,FALSE,"exact_ungapped_match",0,"H3_HA1(1-328)"
"H3N2","H3","H3 numbering",161,145,"HA1","H3 HA1 145","S","S",TRUE,FALSE,"exact_ungapped_match",0,"H3_HA1(1-328)"
"H3N2","H3","H3 numbering",162,146,"HA1","H3 HA1 146","S","S",TRUE,FALSE,"exact_ungapped_match",0,"H3_HA1(1-328)"
"H3N2","H3","H3 numbering",163,147,"HA1","H3 HA1 147","F","F",TRUE,FALSE,"exact_ungapped_match",0,"H3_HA1(1-328)"
"H3N2","H3","H3 numbering",164,148,"HA1","H3 HA1 148","F","F",TRUE,FALSE,"exact_ungapped_match",0,"H3_HA1(1-328)"
"H3N2","H3","H3 numbering",165,149,"HA1","H3 HA1 149","S","S",TRUE,FALSE,"exact_ungapped_match",0,"H3_HA1(1-328)"
"H3N2","H3","H3 numbering",166,150,"HA1","H3 HA1 150","R","R",TRUE,FALSE,"exact_ungapped_match",0,"H3_HA1(1-328)"
"H3N2","H3","H3 numbering",167,151,"HA1","H3 HA1 151","L","L",TRUE,FALSE,"exact_ungapped_match",0,"H3_HA1(1-328)"
"H3N2","H3","H3 numbering",168,152,"HA1","H3 HA1 152","N","N",TRUE,FALSE,"exact_ungapped_match",0,"H3_HA1(1-328)"
"H3N2","H3","H3 numbering",169,153,"HA1","H3 HA1 153","W","W",TRUE,FALSE,"exact_ungapped_match",0,"H3_HA1(1-328)"
"H3N2","H3","H3 numbering",170,154,"HA1","H3 HA1 154","L","L",TRUE,FALSE,"exact_ungapped_match",0,"H3_HA1(1-328)"
"H3N2","H3","H3 numbering",171,155,"HA1","H3 HA1 155","T","T",TRUE,FALSE,"exact_ungapped_match",0,"H3_HA1(1-328)"
"H3N2","H3","H3 numbering",172,156,"HA1","H3 HA1 156","S","S",TRUE,FALSE,"exact_ungapped_match",0,"H3_HA1(1-328)"
"H3N2","H3","H3 numbering",173,157,"HA1","H3 HA1 157","L","L",TRUE,FALSE,"exact_ungapped_match",0,"H3_HA1(1-328)"
"H3N2","H3","H3 numbering",174,158,"HA1","H3 HA1 158","N","N",TRUE,FALSE,"exact_ungapped_match",0,"H3_HA1(1-328)"
"H3N2","H3","H3 numbering",175,159,"HA1","H3 HA1 159","N","N",TRUE,FALSE,"exact_ungapped_match",0,"H3_HA1(1-328)"
"H3N2","H3","H3 numbering",176,160,"HA1","H3 HA1 160","I","I",TRUE,FALSE,"exact_ungapped_match",0,"H3_HA1(1-328)"
"H3N2","H3","H3 numbering",177,161,"HA1","H3 HA1 161","Y","Y",TRUE,FALSE,"exact_ungapped_match",0,"H3_HA1(1-328)"
"H3N2","H3","H3 numbering",178,162,"HA1","H3 HA1 162","P","P",TRUE,FALSE,"exact_ungapped_match",0,"H3_HA1(1-328)"
"H3N2","H3","H3 numbering",179,163,"HA1","H3 HA1 163","A","A",TRUE,FALSE,"exact_ungapped_match",0,"H3_HA1(1-328)"
"H3N2","H3","H3 numbering",180,164,"HA1","H3 HA1 164","Q","Q",TRUE,FALSE,"exact_ungapped_match",0,"H3_HA1(1-328)"
"H3N2","H3","H3 numbering",181,165,"HA1","H3 HA1 165","N","N",TRUE,FALSE,"exact_ungapped_match",0,"H3_HA1(1-328)"
"H3N2","H3","H3 numbering",182,166,"HA1","H3 HA1 166","V","V",TRUE,FALSE,"exact_ungapped_match",0,"H3_HA1(1-328)"
"H3N2","H3","H3 numbering",183,167,"HA1","H3 HA1 167","T","T",TRUE,FALSE,"exact_ungapped_match",0,"H3_HA1(1-328)"
"H3N2","H3","H3 numbering",184,168,"HA1","H3 HA1 168","M","M",TRUE,FALSE,"exact_ungapped_match",0,"H3_HA1(1-328)"
"H3N2","H3","H3 numbering",185,169,"HA1","H3 HA1 169","P","P",TRUE,FALSE,"exact_ungapped_match",0,"H3_HA1(1-328)"
"H3N2","H3","H3 numbering",186,170,"HA1","H3 HA1 170","N","N",TRUE,FALSE,"exact_ungapped_match",0,"H3_HA1(1-328)"
"H3N2","H3","H3 numbering",187,171,"HA1","H3 HA1 171","K","K",TRUE,FALSE,"exact_ungapped_match",0,"H3_HA1(1-328)"
"H3N2","H3","H3 numbering",188,172,"HA1","H3 HA1 172","E","E",TRUE,FALSE,"exact_ungapped_match",0,"H3_HA1(1-328)"
"H3N2","H3","H3 numbering",189,173,"HA1","H3 HA1 173","Q","Q",TRUE,FALSE,"exact_ungapped_match",0,"H3_HA1(1-328)"
"H3N2","H3","H3 numbering",190,174,"HA1","H3 HA1 174","F","F",TRUE,FALSE,"exact_ungapped_match",0,"H3_HA1(1-328)"
"H3N2","H3","H3 numbering",191,175,"HA1","H3 HA1 175","D","D",TRUE,FALSE,"exact_ungapped_match",0,"H3_HA1(1-328)"
"H3N2","H3","H3 numbering",192,176,"HA1","H3 HA1 176","K","K",TRUE,FALSE,"exact_ungapped_match",0,"H3_HA1(1-328)"
"H3N2","H3","H3 numbering",193,177,"HA1","H3 HA1 177","L","L",TRUE,FALSE,"exact_ungapped_match",0,"H3_HA1(1-328)"
"H3N2","H3","H3 numbering",194,178,"HA1","H3 HA1 178","Y","Y",TRUE,FALSE,"exact_ungapped_match",0,"H3_HA1(1-328)"
"H3N2","H3","H3 numbering",195,179,"HA1","H3 HA1 179","I","I",TRUE,FALSE,"exact_ungapped_match",0,"H3_HA1(1-328)"
"H3N2","H3","H3 numbering",196,180,"HA1","H3 HA1 180","W","W",TRUE,FALSE,"exact_ungapped_match",0,"H3_HA1(1-328)"
"H3N2","H3","H3 numbering",197,181,"HA1","H3 HA1 181","G","G",TRUE,FALSE,"exact_ungapped_match",0,"H3_HA1(1-328)"
"H3N2","H3","H3 numbering",198,182,"HA1","H3 HA1 182","V","V",TRUE,FALSE,"exact_ungapped_match",0,"H3_HA1(1-328)"
"H3N2","H3","H3 numbering",199,183,"HA1","H3 HA1 183","H","H",TRUE,FALSE,"exact_ungapped_match",0,"H3_HA1(1-328)"
"H3N2","H3","H3 numbering",200,184,"HA1","H3 HA1 184","H","H",TRUE,FALSE,"exact_ungapped_match",0,"H3_HA1(1-328)"
"H3N2","H3","H3 numbering",201,185,"HA1","H3 HA1 185","P","P",TRUE,FALSE,"exact_ungapped_match",0,"H3_HA1(1-328)"
"H3N2","H3","H3 numbering",202,186,"HA1","H3 HA1 186","D","D",TRUE,FALSE,"exact_ungapped_match",0,"H3_HA1(1-328)"
"H3N2","H3","H3 numbering",203,187,"HA1","H3 HA1 187","T","T",TRUE,FALSE,"exact_ungapped_match",0,"H3_HA1(1-328)"
"H3N2","H3","H3 numbering",204,188,"HA1","H3 HA1 188","D","D",TRUE,FALSE,"exact_ungapped_match",0,"H3_HA1(1-328)"
"H3N2","H3","H3 numbering",205,189,"HA1","H3 HA1 189","K","K",TRUE,FALSE,"exact_ungapped_match",0,"H3_HA1(1-328)"
"H3N2","H3","H3 numbering",206,190,"HA1","H3 HA1 190","N","N",TRUE,FALSE,"exact_ungapped_match",0,"H3_HA1(1-328)"
"H3N2","H3","H3 numbering",207,191,"HA1","H3 HA1 191","Q","Q",TRUE,FALSE,"exact_ungapped_match",0,"H3_HA1(1-328)"
"H3N2","H3","H3 numbering",208,192,"HA1","H3 HA1 192","I","I",TRUE,FALSE,"exact_ungapped_match",0,"H3_HA1(1-328)"
"H3N2","H3","H3 numbering",209,193,"HA1","H3 HA1 193","S","S",TRUE,FALSE,"exact_ungapped_match",0,"H3_HA1(1-328)"
"H3N2","H3","H3 numbering",210,194,"HA1","H3 HA1 194","L","L",TRUE,FALSE,"exact_ungapped_match",0,"H3_HA1(1-328)"
"H3N2","H3","H3 numbering",211,195,"HA1","H3 HA1 195","F","F",TRUE,FALSE,"exact_ungapped_match",0,"H3_HA1(1-328)"
"H3N2","H3","H3 numbering",212,196,"HA1","H3 HA1 196","A","A",TRUE,FALSE,"exact_ungapped_match",0,"H3_HA1(1-328)"
"H3N2","H3","H3 numbering",213,197,"HA1","H3 HA1 197","Q","Q",TRUE,FALSE,"exact_ungapped_match",0,"H3_HA1(1-328)"
"H3N2","H3","H3 numbering",214,198,"HA1","H3 HA1 198","S","S",TRUE,FALSE,"exact_ungapped_match",0,"H3_HA1(1-328)"
"H3N2","H3","H3 numbering",215,199,"HA1","H3 HA1 199","S","S",TRUE,FALSE,"exact_ungapped_match",0,"H3_HA1(1-328)"
"H3N2","H3","H3 numbering",216,200,"HA1","H3 HA1 200","G","G",TRUE,FALSE,"exact_ungapped_match",0,"H3_HA1(1-328)"
"H3N2","H3","H3 numbering",217,201,"HA1","H3 HA1 201","R","R",TRUE,FALSE,"exact_ungapped_match",0,"H3_HA1(1-328)"
"H3N2","H3","H3 numbering",218,202,"HA1","H3 HA1 202","I","I",TRUE,FALSE,"exact_ungapped_match",0,"H3_HA1(1-328)"
"H3N2","H3","H3 numbering",219,203,"HA1","H3 HA1 203","T","T",TRUE,FALSE,"exact_ungapped_match",0,"H3_HA1(1-328)"
"H3N2","H3","H3 numbering",220,204,"HA1","H3 HA1 204","V","V",TRUE,FALSE,"exact_ungapped_match",0,"H3_HA1(1-328)"
"H3N2","H3","H3 numbering",221,205,"HA1","H3 HA1 205","S","S",TRUE,FALSE,"exact_ungapped_match",0,"H3_HA1(1-328)"
"H3N2","H3","H3 numbering",222,206,"HA1","H3 HA1 206","T","T",TRUE,FALSE,"exact_ungapped_match",0,"H3_HA1(1-328)"
"H3N2","H3","H3 numbering",223,207,"HA1","H3 HA1 207","K","K",TRUE,FALSE,"exact_ungapped_match",0,"H3_HA1(1-328)"
"H3N2","H3","H3 numbering",224,208,"HA1","H3 HA1 208","R","R",TRUE,FALSE,"exact_ungapped_match",0,"H3_HA1(1-328)"
"H3N2","H3","H3 numbering",225,209,"HA1","H3 HA1 209","S","S",TRUE,FALSE,"exact_ungapped_match",0,"H3_HA1(1-328)"
"H3N2","H3","H3 numbering",226,210,"HA1","H3 HA1 210","Q","Q",TRUE,FALSE,"exact_ungapped_match",0,"H3_HA1(1-328)"
"H3N2","H3","H3 numbering",227,211,"HA1","H3 HA1 211","Q","Q",TRUE,FALSE,"exact_ungapped_match",0,"H3_HA1(1-328)"
"H3N2","H3","H3 numbering",228,212,"HA1","H3 HA1 212","A","A",TRUE,FALSE,"exact_ungapped_match",0,"H3_HA1(1-328)"
"H3N2","H3","H3 numbering",229,213,"HA1","H3 HA1 213","V","V",TRUE,FALSE,"exact_ungapped_match",0,"H3_HA1(1-328)"
"H3N2","H3","H3 numbering",230,214,"HA1","H3 HA1 214","I","I",TRUE,FALSE,"exact_ungapped_match",0,"H3_HA1(1-328)"
"H3N2","H3","H3 numbering",231,215,"HA1","H3 HA1 215","P","P",TRUE,FALSE,"exact_ungapped_match",0,"H3_HA1(1-328)"
"H3N2","H3","H3 numbering",232,216,"HA1","H3 HA1 216","N","N",TRUE,FALSE,"exact_ungapped_match",0,"H3_HA1(1-328)"
"H3N2","H3","H3 numbering",233,217,"HA1","H3 HA1 217","I","I",TRUE,FALSE,"exact_ungapped_match",0,"H3_HA1(1-328)"
"H3N2","H3","H3 numbering",234,218,"HA1","H3 HA1 218","G","G",TRUE,FALSE,"exact_ungapped_match",0,"H3_HA1(1-328)"
"H3N2","H3","H3 numbering",235,219,"HA1","H3 HA1 219","S","S",TRUE,FALSE,"exact_ungapped_match",0,"H3_HA1(1-328)"
"H3N2","H3","H3 numbering",236,220,"HA1","H3 HA1 220","R","R",TRUE,FALSE,"exact_ungapped_match",0,"H3_HA1(1-328)"
"H3N2","H3","H3 numbering",237,221,"HA1","H3 HA1 221","P","P",TRUE,FALSE,"exact_ungapped_match",0,"H3_HA1(1-328)"
"H3N2","H3","H3 numbering",238,222,"HA1","H3 HA1 222","R","R",TRUE,FALSE,"exact_ungapped_match",0,"H3_HA1(1-328)"
"H3N2","H3","H3 numbering",239,223,"HA1","H3 HA1 223","I","I",TRUE,FALSE,"exact_ungapped_match",0,"H3_HA1(1-328)"
"H3N2","H3","H3 numbering",240,224,"HA1","H3 HA1 224","R","R",TRUE,FALSE,"exact_ungapped_match",0,"H3_HA1(1-328)"
"H3N2","H3","H3 numbering",241,225,"HA1","H3 HA1 225","D","D",TRUE,FALSE,"exact_ungapped_match",0,"H3_HA1(1-328)"
"H3N2","H3","H3 numbering",242,226,"HA1","H3 HA1 226","I","I",TRUE,FALSE,"exact_ungapped_match",0,"H3_HA1(1-328)"
"H3N2","H3","H3 numbering",243,227,"HA1","H3 HA1 227","P","P",TRUE,FALSE,"exact_ungapped_match",0,"H3_HA1(1-328)"
"H3N2","H3","H3 numbering",244,228,"HA1","H3 HA1 228","S","S",TRUE,FALSE,"exact_ungapped_match",0,"H3_HA1(1-328)"
"H3N2","H3","H3 numbering",245,229,"HA1","H3 HA1 229","R","R",TRUE,FALSE,"exact_ungapped_match",0,"H3_HA1(1-328)"
"H3N2","H3","H3 numbering",246,230,"HA1","H3 HA1 230","I","I",TRUE,FALSE,"exact_ungapped_match",0,"H3_HA1(1-328)"
"H3N2","H3","H3 numbering",247,231,"HA1","H3 HA1 231","S","S",TRUE,FALSE,"exact_ungapped_match",0,"H3_HA1(1-328)"
"H3N2","H3","H3 numbering",248,232,"HA1","H3 HA1 232","I","I",TRUE,FALSE,"exact_ungapped_match",0,"H3_HA1(1-328)"
"H3N2","H3","H3 numbering",249,233,"HA1","H3 HA1 233","Y","Y",TRUE,FALSE,"exact_ungapped_match",0,"H3_HA1(1-328)"
"H3N2","H3","H3 numbering",250,234,"HA1","H3 HA1 234","W","W",TRUE,FALSE,"exact_ungapped_match",0,"H3_HA1(1-328)"
"H3N2","H3","H3 numbering",251,235,"HA1","H3 HA1 235","T","T",TRUE,FALSE,"exact_ungapped_match",0,"H3_HA1(1-328)"
"H3N2","H3","H3 numbering",252,236,"HA1","H3 HA1 236","I","I",TRUE,FALSE,"exact_ungapped_match",0,"H3_HA1(1-328)"
"H3N2","H3","H3 numbering",253,237,"HA1","H3 HA1 237","V","V",TRUE,FALSE,"exact_ungapped_match",0,"H3_HA1(1-328)"
"H3N2","H3","H3 numbering",254,238,"HA1","H3 HA1 238","K","K",TRUE,FALSE,"exact_ungapped_match",0,"H3_HA1(1-328)"
"H3N2","H3","H3 numbering",255,239,"HA1","H3 HA1 239","P","P",TRUE,FALSE,"exact_ungapped_match",0,"H3_HA1(1-328)"
"H3N2","H3","H3 numbering",256,240,"HA1","H3 HA1 240","G","G",TRUE,FALSE,"exact_ungapped_match",0,"H3_HA1(1-328)"
"H3N2","H3","H3 numbering",257,241,"HA1","H3 HA1 241","D","D",TRUE,FALSE,"exact_ungapped_match",0,"H3_HA1(1-328)"
"H3N2","H3","H3 numbering",258,242,"HA1","H3 HA1 242","I","I",TRUE,FALSE,"exact_ungapped_match",0,"H3_HA1(1-328)"
"H3N2","H3","H3 numbering",259,243,"HA1","H3 HA1 243","L","L",TRUE,FALSE,"exact_ungapped_match",0,"H3_HA1(1-328)"
"H3N2","H3","H3 numbering",260,244,"HA1","H3 HA1 244","L","L",TRUE,FALSE,"exact_ungapped_match",0,"H3_HA1(1-328)"
"H3N2","H3","H3 numbering",261,245,"HA1","H3 HA1 245","I","I",TRUE,FALSE,"exact_ungapped_match",0,"H3_HA1(1-328)"
"H3N2","H3","H3 numbering",262,246,"HA1","H3 HA1 246","N","N",TRUE,FALSE,"exact_ungapped_match",0,"H3_HA1(1-328)"
"H3N2","H3","H3 numbering",263,247,"HA1","H3 HA1 247","S","S",TRUE,FALSE,"exact_ungapped_match",0,"H3_HA1(1-328)"
"H3N2","H3","H3 numbering",264,248,"HA1","H3 HA1 248","T","T",TRUE,FALSE,"exact_ungapped_match",0,"H3_HA1(1-328)"
"H3N2","H3","H3 numbering",265,249,"HA1","H3 HA1 249","G","G",TRUE,FALSE,"exact_ungapped_match",0,"H3_HA1(1-328)"
"H3N2","H3","H3 numbering",266,250,"HA1","H3 HA1 250","N","N",TRUE,FALSE,"exact_ungapped_match",0,"H3_HA1(1-328)"
"H3N2","H3","H3 numbering",267,251,"HA1","H3 HA1 251","L","L",TRUE,FALSE,"exact_ungapped_match",0,"H3_HA1(1-328)"
"H3N2","H3","H3 numbering",268,252,"HA1","H3 HA1 252","I","I",TRUE,FALSE,"exact_ungapped_match",0,"H3_HA1(1-328)"
"H3N2","H3","H3 numbering",269,253,"HA1","H3 HA1 253","A","A",TRUE,FALSE,"exact_ungapped_match",0,"H3_HA1(1-328)"
"H3N2","H3","H3 numbering",270,254,"HA1","H3 HA1 254","P","P",TRUE,FALSE,"exact_ungapped_match",0,"H3_HA1(1-328)"
"H3N2","H3","H3 numbering",271,255,"HA1","H3 HA1 255","R","R",TRUE,FALSE,"exact_ungapped_match",0,"H3_HA1(1-328)"
"H3N2","H3","H3 numbering",272,256,"HA1","H3 HA1 256","G","G",TRUE,FALSE,"exact_ungapped_match",0,"H3_HA1(1-328)"
"H3N2","H3","H3 numbering",273,257,"HA1","H3 HA1 257","Y","Y",TRUE,FALSE,"exact_ungapped_match",0,"H3_HA1(1-328)"
"H3N2","H3","H3 numbering",274,258,"HA1","H3 HA1 258","F","F",TRUE,FALSE,"exact_ungapped_match",0,"H3_HA1(1-328)"
"H3N2","H3","H3 numbering",275,259,"HA1","H3 HA1 259","K","K",TRUE,FALSE,"exact_ungapped_match",0,"H3_HA1(1-328)"
"H3N2","H3","H3 numbering",276,260,"HA1","H3 HA1 260","I","I",TRUE,FALSE,"exact_ungapped_match",0,"H3_HA1(1-328)"
"H3N2","H3","H3 numbering",277,261,"HA1","H3 HA1 261","R","R",TRUE,FALSE,"exact_ungapped_match",0,"H3_HA1(1-328)"
"H3N2","H3","H3 numbering",278,262,"HA1","H3 HA1 262","S","S",TRUE,FALSE,"exact_ungapped_match",0,"H3_HA1(1-328)"
"H3N2","H3","H3 numbering",279,263,"HA1","H3 HA1 263","G","G",TRUE,FALSE,"exact_ungapped_match",0,"H3_HA1(1-328)"
"H3N2","H3","H3 numbering",280,264,"HA1","H3 HA1 264","K","K",TRUE,FALSE,"exact_ungapped_match",0,"H3_HA1(1-328)"
"H3N2","H3","H3 numbering",281,265,"HA1","H3 HA1 265","S","S",TRUE,FALSE,"exact_ungapped_match",0,"H3_HA1(1-328)"
"H3N2","H3","H3 numbering",282,266,"HA1","H3 HA1 266","S","S",TRUE,FALSE,"exact_ungapped_match",0,"H3_HA1(1-328)"
"H3N2","H3","H3 numbering",283,267,"HA1","H3 HA1 267","I","I",TRUE,FALSE,"exact_ungapped_match",0,"H3_HA1(1-328)"
"H3N2","H3","H3 numbering",284,268,"HA1","H3 HA1 268","M","M",TRUE,FALSE,"exact_ungapped_match",0,"H3_HA1(1-328)"
"H3N2","H3","H3 numbering",285,269,"HA1","H3 HA1 269","R","R",TRUE,FALSE,"exact_ungapped_match",0,"H3_HA1(1-328)"
"H3N2","H3","H3 numbering",286,270,"HA1","H3 HA1 270","S","S",TRUE,FALSE,"exact_ungapped_match",0,"H3_HA1(1-328)"
"H3N2","H3","H3 numbering",287,271,"HA1","H3 HA1 271","D","D",TRUE,FALSE,"exact_ungapped_match",0,"H3_HA1(1-328)"
"H3N2","H3","H3 numbering",288,272,"HA1","H3 HA1 272","A","A",TRUE,FALSE,"exact_ungapped_match",0,"H3_HA1(1-328)"
"H3N2","H3","H3 numbering",289,273,"HA1","H3 HA1 273","P","P",TRUE,FALSE,"exact_ungapped_match",0,"H3_HA1(1-328)"
"H3N2","H3","H3 numbering",290,274,"HA1","H3 HA1 274","I","I",TRUE,FALSE,"exact_ungapped_match",0,"H3_HA1(1-328)"
"H3N2","H3","H3 numbering",291,275,"HA1","H3 HA1 275","G","G",TRUE,FALSE,"exact_ungapped_match",0,"H3_HA1(1-328)"
"H3N2","H3","H3 numbering",292,276,"HA1","H3 HA1 276","K","K",TRUE,FALSE,"exact_ungapped_match",0,"H3_HA1(1-328)"
"H3N2","H3","H3 numbering",293,277,"HA1","H3 HA1 277","C","C",TRUE,FALSE,"exact_ungapped_match",0,"H3_HA1(1-328)"
"H3N2","H3","H3 numbering",294,278,"HA1","H3 HA1 278","K","K",TRUE,FALSE,"exact_ungapped_match",0,"H3_HA1(1-328)"
"H3N2","H3","H3 numbering",295,279,"HA1","H3 HA1 279","S","S",TRUE,FALSE,"exact_ungapped_match",0,"H3_HA1(1-328)"
"H3N2","H3","H3 numbering",296,280,"HA1","H3 HA1 280","E","E",TRUE,FALSE,"exact_ungapped_match",0,"H3_HA1(1-328)"
"H3N2","H3","H3 numbering",297,281,"HA1","H3 HA1 281","C","C",TRUE,FALSE,"exact_ungapped_match",0,"H3_HA1(1-328)"
"H3N2","H3","H3 numbering",298,282,"HA1","H3 HA1 282","I","I",TRUE,FALSE,"exact_ungapped_match",0,"H3_HA1(1-328)"
"H3N2","H3","H3 numbering",299,283,"HA1","H3 HA1 283","T","T",TRUE,FALSE,"exact_ungapped_match",0,"H3_HA1(1-328)"
"H3N2","H3","H3 numbering",300,284,"HA1","H3 HA1 284","P","P",TRUE,FALSE,"exact_ungapped_match",0,"H3_HA1(1-328)"
"H3N2","H3","H3 numbering",301,285,"HA1","H3 HA1 285","N","N",TRUE,FALSE,"exact_ungapped_match",0,"H3_HA1(1-328)"
"H3N2","H3","H3 numbering",302,286,"HA1","H3 HA1 286","G","G",TRUE,FALSE,"exact_ungapped_match",0,"H3_HA1(1-328)"
"H3N2","H3","H3 numbering",303,287,"HA1","H3 HA1 287","S","S",TRUE,FALSE,"exact_ungapped_match",0,"H3_HA1(1-328)"
"H3N2","H3","H3 numbering",304,288,"HA1","H3 HA1 288","I","I",TRUE,FALSE,"exact_ungapped_match",0,"H3_HA1(1-328)"
"H3N2","H3","H3 numbering",305,289,"HA1","H3 HA1 289","P","P",TRUE,FALSE,"exact_ungapped_match",0,"H3_HA1(1-328)"
"H3N2","H3","H3 numbering",306,290,"HA1","H3 HA1 290","N","N",TRUE,FALSE,"exact_ungapped_match",0,"H3_HA1(1-328)"
"H3N2","H3","H3 numbering",307,291,"HA1","H3 HA1 291","D","D",TRUE,FALSE,"exact_ungapped_match",0,"H3_HA1(1-328)"
"H3N2","H3","H3 numbering",308,292,"HA1","H3 HA1 292","K","K",TRUE,FALSE,"exact_ungapped_match",0,"H3_HA1(1-328)"
"H3N2","H3","H3 numbering",309,293,"HA1","H3 HA1 293","P","P",TRUE,FALSE,"exact_ungapped_match",0,"H3_HA1(1-328)"
"H3N2","H3","H3 numbering",310,294,"HA1","H3 HA1 294","F","F",TRUE,FALSE,"exact_ungapped_match",0,"H3_HA1(1-328)"
"H3N2","H3","H3 numbering",311,295,"HA1","H3 HA1 295","Q","Q",TRUE,FALSE,"exact_ungapped_match",0,"H3_HA1(1-328)"
"H3N2","H3","H3 numbering",312,296,"HA1","H3 HA1 296","N","N",TRUE,FALSE,"exact_ungapped_match",0,"H3_HA1(1-328)"
"H3N2","H3","H3 numbering",313,297,"HA1","H3 HA1 297","V","V",TRUE,FALSE,"exact_ungapped_match",0,"H3_HA1(1-328)"
"H3N2","H3","H3 numbering",314,298,"HA1","H3 HA1 298","N","N",TRUE,FALSE,"exact_ungapped_match",0,"H3_HA1(1-328)"
"H3N2","H3","H3 numbering",315,299,"HA1","H3 HA1 299","R","R",TRUE,FALSE,"exact_ungapped_match",0,"H3_HA1(1-328)"
"H3N2","H3","H3 numbering",316,300,"HA1","H3 HA1 300","I","I",TRUE,FALSE,"exact_ungapped_match",0,"H3_HA1(1-328)"
"H3N2","H3","H3 numbering",317,301,"HA1","H3 HA1 301","T","T",TRUE,FALSE,"exact_ungapped_match",0,"H3_HA1(1-328)"
"H3N2","H3","H3 numbering",318,302,"HA1","H3 HA1 302","Y","Y",TRUE,FALSE,"exact_ungapped_match",0,"H3_HA1(1-328)"
"H3N2","H3","H3 numbering",319,303,"HA1","H3 HA1 303","G","G",TRUE,FALSE,"exact_ungapped_match",0,"H3_HA1(1-328)"
"H3N2","H3","H3 numbering",320,304,"HA1","H3 HA1 304","A","A",TRUE,FALSE,"exact_ungapped_match",0,"H3_HA1(1-328)"
"H3N2","H3","H3 numbering",321,305,"HA1","H3 HA1 305","C","C",TRUE,FALSE,"exact_ungapped_match",0,"H3_HA1(1-328)"
"H3N2","H3","H3 numbering",322,306,"HA1","H3 HA1 306","P","P",TRUE,FALSE,"exact_ungapped_match",0,"H3_HA1(1-328)"
"H3N2","H3","H3 numbering",323,307,"HA1","H3 HA1 307","R","R",TRUE,FALSE,"exact_ungapped_match",0,"H3_HA1(1-328)"
"H3N2","H3","H3 numbering",324,308,"HA1","H3 HA1 308","Y","Y",TRUE,FALSE,"exact_ungapped_match",0,"H3_HA1(1-328)"
"H3N2","H3","H3 numbering",325,309,"HA1","H3 HA1 309","V","V",TRUE,FALSE,"exact_ungapped_match",0,"H3_HA1(1-328)"
"H3N2","H3","H3 numbering",326,310,"HA1","H3 HA1 310","K","K",TRUE,FALSE,"exact_ungapped_match",0,"H3_HA1(1-328)"
"H3N2","H3","H3 numbering",327,311,"HA1","H3 HA1 311","Q","Q",TRUE,FALSE,"exact_ungapped_match",0,"H3_HA1(1-328)"
"H3N2","H3","H3 numbering",328,312,"HA1","H3 HA1 312","S","S",TRUE,FALSE,"exact_ungapped_match",0,"H3_HA1(1-328)"
"H3N2","H3","H3 numbering",329,313,"HA1","H3 HA1 313","T","T",TRUE,FALSE,"exact_ungapped_match",0,"H3_HA1(1-328)"
"H3N2","H3","H3 numbering",330,314,"HA1","H3 HA1 314","L","L",TRUE,FALSE,"exact_ungapped_match",0,"H3_HA1(1-328)"
"H3N2","H3","H3 numbering",331,315,"HA1","H3 HA1 315","K","K",TRUE,FALSE,"exact_ungapped_match",0,"H3_HA1(1-328)"
"H3N2","H3","H3 numbering",332,316,"HA1","H3 HA1 316","L","L",TRUE,FALSE,"exact_ungapped_match",0,"H3_HA1(1-328)"
"H3N2","H3","H3 numbering",333,317,"HA1","H3 HA1 317","A","A",TRUE,FALSE,"exact_ungapped_match",0,"H3_HA1(1-328)"
"H3N2","H3","H3 numbering",334,318,"HA1","H3 HA1 318","T","T",TRUE,FALSE,"exact_ungapped_match",0,"H3_HA1(1-328)"
"H3N2","H3","H3 numbering",335,319,"HA1","H3 HA1 319","G","G",TRUE,FALSE,"exact_ungapped_match",0,"H3_HA1(1-328)"
"H3N2","H3","H3 numbering",336,320,"HA1","H3 HA1 320","M","M",TRUE,FALSE,"exact_ungapped_match",0,"H3_HA1(1-328)"
"H3N2","H3","H3 numbering",337,321,"HA1","H3 HA1 321","R","R",TRUE,FALSE,"exact_ungapped_match",0,"H3_HA1(1-328)"
"H3N2","H3","H3 numbering",338,322,"HA1","H3 HA1 322","N","N",TRUE,FALSE,"exact_ungapped_match",0,"H3_HA1(1-328)"
"H3N2","H3","H3 numbering",339,323,"HA1","H3 HA1 323","V","V",TRUE,FALSE,"exact_ungapped_match",0,"H3_HA1(1-328)"
"H3N2","H3","H3 numbering",340,324,"HA1","H3 HA1 324","P","P",TRUE,FALSE,"exact_ungapped_match",0,"H3_HA1(1-328)"
"H3N2","H3","H3 numbering",341,325,"HA1","H3 HA1 325","E","E",TRUE,FALSE,"exact_ungapped_match",0,"H3_HA1(1-328)"
"H3N2","H3","H3 numbering",342,326,"HA1","H3 HA1 326","K","K",TRUE,FALSE,"exact_ungapped_match",0,"H3_HA1(1-328)"
"H3N2","H3","H3 numbering",343,327,"HA1","H3 HA1 327","Q","Q",TRUE,FALSE,"exact_ungapped_match",0,"H3_HA1(1-328)"
"H3N2","H3","H3 numbering",344,328,"HA1","H3 HA1 328","T","T",TRUE,FALSE,"exact_ungapped_match",0,"H3_HA1(1-328)"
"H3N2","H3","H3 numbering",346,1,"HA2","H3 HA2 1","G","G",TRUE,FALSE,"exact_ungapped_match",0,"H3_HA2(1-175)"
"H3N2","H3","H3 numbering",347,2,"HA2","H3 HA2 2","I","I",TRUE,FALSE,"exact_ungapped_match",0,"H3_HA2(1-175)"
"H3N2","H3","H3 numbering",348,3,"HA2","H3 HA2 3","F","F",TRUE,FALSE,"exact_ungapped_match",0,"H3_HA2(1-175)"
"H3N2","H3","H3 numbering",349,4,"HA2","H3 HA2 4","G","G",TRUE,FALSE,"exact_ungapped_match",0,"H3_HA2(1-175)"
"H3N2","H3","H3 numbering",350,5,"HA2","H3 HA2 5","A","A",TRUE,FALSE,"exact_ungapped_match",0,"H3_HA2(1-175)"
"H3N2","H3","H3 numbering",351,6,"HA2","H3 HA2 6","I","I",TRUE,FALSE,"exact_ungapped_match",0,"H3_HA2(1-175)"
"H3N2","H3","H3 numbering",352,7,"HA2","H3 HA2 7","A","A",TRUE,FALSE,"exact_ungapped_match",0,"H3_HA2(1-175)"
"H3N2","H3","H3 numbering",353,8,"HA2","H3 HA2 8","G","G",TRUE,FALSE,"exact_ungapped_match",0,"H3_HA2(1-175)"
"H3N2","H3","H3 numbering",354,9,"HA2","H3 HA2 9","F","F",TRUE,FALSE,"exact_ungapped_match",0,"H3_HA2(1-175)"
"H3N2","H3","H3 numbering",355,10,"HA2","H3 HA2 10","I","I",TRUE,FALSE,"exact_ungapped_match",0,"H3_HA2(1-175)"
"H3N2","H3","H3 numbering",356,11,"HA2","H3 HA2 11","E","E",TRUE,FALSE,"exact_ungapped_match",0,"H3_HA2(1-175)"
"H3N2","H3","H3 numbering",357,12,"HA2","H3 HA2 12","N","N",TRUE,FALSE,"exact_ungapped_match",0,"H3_HA2(1-175)"
"H3N2","H3","H3 numbering",358,13,"HA2","H3 HA2 13","G","G",TRUE,FALSE,"exact_ungapped_match",0,"H3_HA2(1-175)"
"H3N2","H3","H3 numbering",359,14,"HA2","H3 HA2 14","W","W",TRUE,FALSE,"exact_ungapped_match",0,"H3_HA2(1-175)"
"H3N2","H3","H3 numbering",360,15,"HA2","H3 HA2 15","E","E",TRUE,FALSE,"exact_ungapped_match",0,"H3_HA2(1-175)"
"H3N2","H3","H3 numbering",361,16,"HA2","H3 HA2 16","G","G",TRUE,FALSE,"exact_ungapped_match",0,"H3_HA2(1-175)"
"H3N2","H3","H3 numbering",362,17,"HA2","H3 HA2 17","M","M",TRUE,FALSE,"exact_ungapped_match",0,"H3_HA2(1-175)"
"H3N2","H3","H3 numbering",363,18,"HA2","H3 HA2 18","V","V",TRUE,FALSE,"exact_ungapped_match",0,"H3_HA2(1-175)"
"H3N2","H3","H3 numbering",364,19,"HA2","H3 HA2 19","D","D",TRUE,FALSE,"exact_ungapped_match",0,"H3_HA2(1-175)"
"H3N2","H3","H3 numbering",365,20,"HA2","H3 HA2 20","G","G",TRUE,FALSE,"exact_ungapped_match",0,"H3_HA2(1-175)"
"H3N2","H3","H3 numbering",366,21,"HA2","H3 HA2 21","W","W",TRUE,FALSE,"exact_ungapped_match",0,"H3_HA2(1-175)"
"H3N2","H3","H3 numbering",367,22,"HA2","H3 HA2 22","Y","Y",TRUE,FALSE,"exact_ungapped_match",0,"H3_HA2(1-175)"
"H3N2","H3","H3 numbering",368,23,"HA2","H3 HA2 23","G","G",TRUE,FALSE,"exact_ungapped_match",0,"H3_HA2(1-175)"
"H3N2","H3","H3 numbering",369,24,"HA2","H3 HA2 24","F","F",TRUE,FALSE,"exact_ungapped_match",0,"H3_HA2(1-175)"
"H3N2","H3","H3 numbering",370,25,"HA2","H3 HA2 25","R","R",TRUE,FALSE,"exact_ungapped_match",0,"H3_HA2(1-175)"
"H3N2","H3","H3 numbering",371,26,"HA2","H3 HA2 26","H","H",TRUE,FALSE,"exact_ungapped_match",0,"H3_HA2(1-175)"
"H3N2","H3","H3 numbering",372,27,"HA2","H3 HA2 27","Q","Q",TRUE,FALSE,"exact_ungapped_match",0,"H3_HA2(1-175)"
"H3N2","H3","H3 numbering",373,28,"HA2","H3 HA2 28","N","N",TRUE,FALSE,"exact_ungapped_match",0,"H3_HA2(1-175)"
"H3N2","H3","H3 numbering",374,29,"HA2","H3 HA2 29","S","S",TRUE,FALSE,"exact_ungapped_match",0,"H3_HA2(1-175)"
"H3N2","H3","H3 numbering",375,30,"HA2","H3 HA2 30","E","E",TRUE,FALSE,"exact_ungapped_match",0,"H3_HA2(1-175)"
"H3N2","H3","H3 numbering",376,31,"HA2","H3 HA2 31","G","G",TRUE,FALSE,"exact_ungapped_match",0,"H3_HA2(1-175)"
"H3N2","H3","H3 numbering",377,32,"HA2","H3 HA2 32","R","R",TRUE,FALSE,"exact_ungapped_match",0,"H3_HA2(1-175)"
"H3N2","H3","H3 numbering",378,33,"HA2","H3 HA2 33","G","G",TRUE,FALSE,"exact_ungapped_match",0,"H3_HA2(1-175)"
"H3N2","H3","H3 numbering",379,34,"HA2","H3 HA2 34","Q","Q",TRUE,FALSE,"exact_ungapped_match",0,"H3_HA2(1-175)"
"H3N2","H3","H3 numbering",380,35,"HA2","H3 HA2 35","A","A",TRUE,FALSE,"exact_ungapped_match",0,"H3_HA2(1-175)"
"H3N2","H3","H3 numbering",381,36,"HA2","H3 HA2 36","A","A",TRUE,FALSE,"exact_ungapped_match",0,"H3_HA2(1-175)"
"H3N2","H3","H3 numbering",382,37,"HA2","H3 HA2 37","D","D",TRUE,FALSE,"exact_ungapped_match",0,"H3_HA2(1-175)"
"H3N2","H3","H3 numbering",383,38,"HA2","H3 HA2 38","L","L",TRUE,FALSE,"exact_ungapped_match",0,"H3_HA2(1-175)"
"H3N2","H3","H3 numbering",384,39,"HA2","H3 HA2 39","K","K",TRUE,FALSE,"exact_ungapped_match",0,"H3_HA2(1-175)"
"H3N2","H3","H3 numbering",385,40,"HA2","H3 HA2 40","S","S",TRUE,FALSE,"exact_ungapped_match",0,"H3_HA2(1-175)"
"H3N2","H3","H3 numbering",386,41,"HA2","H3 HA2 41","T","T",TRUE,FALSE,"exact_ungapped_match",0,"H3_HA2(1-175)"
"H3N2","H3","H3 numbering",387,42,"HA2","H3 HA2 42","Q","Q",TRUE,FALSE,"exact_ungapped_match",0,"H3_HA2(1-175)"
"H3N2","H3","H3 numbering",388,43,"HA2","H3 HA2 43","A","A",TRUE,FALSE,"exact_ungapped_match",0,"H3_HA2(1-175)"
"H3N2","H3","H3 numbering",389,44,"HA2","H3 HA2 44","A","A",TRUE,FALSE,"exact_ungapped_match",0,"H3_HA2(1-175)"
"H3N2","H3","H3 numbering",390,45,"HA2","H3 HA2 45","I","I",TRUE,FALSE,"exact_ungapped_match",0,"H3_HA2(1-175)"
"H3N2","H3","H3 numbering",391,46,"HA2","H3 HA2 46","D","D",TRUE,FALSE,"exact_ungapped_match",0,"H3_HA2(1-175)"
"H3N2","H3","H3 numbering",392,47,"HA2","H3 HA2 47","Q","Q",TRUE,FALSE,"exact_ungapped_match",0,"H3_HA2(1-175)"
"H3N2","H3","H3 numbering",393,48,"HA2","H3 HA2 48","I","I",TRUE,FALSE,"exact_ungapped_match",0,"H3_HA2(1-175)"
"H3N2","H3","H3 numbering",394,49,"HA2","H3 HA2 49","N","N",TRUE,FALSE,"exact_ungapped_match",0,"H3_HA2(1-175)"
"H3N2","H3","H3 numbering",395,50,"HA2","H3 HA2 50","G","G",TRUE,FALSE,"exact_ungapped_match",0,"H3_HA2(1-175)"
"H3N2","H3","H3 numbering",396,51,"HA2","H3 HA2 51","K","K",TRUE,FALSE,"exact_ungapped_match",0,"H3_HA2(1-175)"
"H3N2","H3","H3 numbering",397,52,"HA2","H3 HA2 52","L","L",TRUE,FALSE,"exact_ungapped_match",0,"H3_HA2(1-175)"
"H3N2","H3","H3 numbering",398,53,"HA2","H3 HA2 53","N","N",TRUE,FALSE,"exact_ungapped_match",0,"H3_HA2(1-175)"
"H3N2","H3","H3 numbering",399,54,"HA2","H3 HA2 54","R","R",TRUE,FALSE,"exact_ungapped_match",0,"H3_HA2(1-175)"
"H3N2","H3","H3 numbering",400,55,"HA2","H3 HA2 55","L","L",TRUE,FALSE,"exact_ungapped_match",0,"H3_HA2(1-175)"
"H3N2","H3","H3 numbering",401,56,"HA2","H3 HA2 56","I","I",TRUE,FALSE,"exact_ungapped_match",0,"H3_HA2(1-175)"
"H3N2","H3","H3 numbering",402,57,"HA2","H3 HA2 57","G","G",TRUE,FALSE,"exact_ungapped_match",0,"H3_HA2(1-175)"
"H3N2","H3","H3 numbering",403,58,"HA2","H3 HA2 58","K","K",TRUE,FALSE,"exact_ungapped_match",0,"H3_HA2(1-175)"
"H3N2","H3","H3 numbering",404,59,"HA2","H3 HA2 59","T","T",TRUE,FALSE,"exact_ungapped_match",0,"H3_HA2(1-175)"
"H3N2","H3","H3 numbering",405,60,"HA2","H3 HA2 60","N","N",TRUE,FALSE,"exact_ungapped_match",0,"H3_HA2(1-175)"
"H3N2","H3","H3 numbering",406,61,"HA2","H3 HA2 61","E","E",TRUE,FALSE,"exact_ungapped_match",0,"H3_HA2(1-175)"
"H3N2","H3","H3 numbering",407,62,"HA2","H3 HA2 62","K","K",TRUE,FALSE,"exact_ungapped_match",0,"H3_HA2(1-175)"
"H3N2","H3","H3 numbering",408,63,"HA2","H3 HA2 63","F","F",TRUE,FALSE,"exact_ungapped_match",0,"H3_HA2(1-175)"
"H3N2","H3","H3 numbering",409,64,"HA2","H3 HA2 64","H","H",TRUE,FALSE,"exact_ungapped_match",0,"H3_HA2(1-175)"
"H3N2","H3","H3 numbering",410,65,"HA2","H3 HA2 65","Q","Q",TRUE,FALSE,"exact_ungapped_match",0,"H3_HA2(1-175)"
"H3N2","H3","H3 numbering",411,66,"HA2","H3 HA2 66","I","I",TRUE,FALSE,"exact_ungapped_match",0,"H3_HA2(1-175)"
"H3N2","H3","H3 numbering",412,67,"HA2","H3 HA2 67","E","E",TRUE,FALSE,"exact_ungapped_match",0,"H3_HA2(1-175)"
"H3N2","H3","H3 numbering",413,68,"HA2","H3 HA2 68","K","K",TRUE,FALSE,"exact_ungapped_match",0,"H3_HA2(1-175)"
"H3N2","H3","H3 numbering",414,69,"HA2","H3 HA2 69","E","E",TRUE,FALSE,"exact_ungapped_match",0,"H3_HA2(1-175)"
"H3N2","H3","H3 numbering",415,70,"HA2","H3 HA2 70","F","F",TRUE,FALSE,"exact_ungapped_match",0,"H3_HA2(1-175)"
"H3N2","H3","H3 numbering",416,71,"HA2","H3 HA2 71","S","S",TRUE,FALSE,"exact_ungapped_match",0,"H3_HA2(1-175)"
"H3N2","H3","H3 numbering",417,72,"HA2","H3 HA2 72","E","E",TRUE,FALSE,"exact_ungapped_match",0,"H3_HA2(1-175)"
"H3N2","H3","H3 numbering",418,73,"HA2","H3 HA2 73","V","V",TRUE,FALSE,"exact_ungapped_match",0,"H3_HA2(1-175)"
"H3N2","H3","H3 numbering",419,74,"HA2","H3 HA2 74","E","E",TRUE,FALSE,"exact_ungapped_match",0,"H3_HA2(1-175)"
"H3N2","H3","H3 numbering",420,75,"HA2","H3 HA2 75","G","G",TRUE,FALSE,"exact_ungapped_match",0,"H3_HA2(1-175)"
"H3N2","H3","H3 numbering",421,76,"HA2","H3 HA2 76","R","R",TRUE,FALSE,"exact_ungapped_match",0,"H3_HA2(1-175)"
"H3N2","H3","H3 numbering",422,77,"HA2","H3 HA2 77","V","V",TRUE,FALSE,"exact_ungapped_match",0,"H3_HA2(1-175)"
"H3N2","H3","H3 numbering",423,78,"HA2","H3 HA2 78","Q","Q",TRUE,FALSE,"exact_ungapped_match",0,"H3_HA2(1-175)"
"H3N2","H3","H3 numbering",424,79,"HA2","H3 HA2 79","D","D",TRUE,FALSE,"exact_ungapped_match",0,"H3_HA2(1-175)"
"H3N2","H3","H3 numbering",425,80,"HA2","H3 HA2 80","L","L",TRUE,FALSE,"exact_ungapped_match",0,"H3_HA2(1-175)"
"H3N2","H3","H3 numbering",426,81,"HA2","H3 HA2 81","E","E",TRUE,FALSE,"exact_ungapped_match",0,"H3_HA2(1-175)"
"H3N2","H3","H3 numbering",427,82,"HA2","H3 HA2 82","K","K",TRUE,FALSE,"exact_ungapped_match",0,"H3_HA2(1-175)"
"H3N2","H3","H3 numbering",428,83,"HA2","H3 HA2 83","Y","Y",TRUE,FALSE,"exact_ungapped_match",0,"H3_HA2(1-175)"
"H3N2","H3","H3 numbering",429,84,"HA2","H3 HA2 84","V","V",TRUE,FALSE,"exact_ungapped_match",0,"H3_HA2(1-175)"
"H3N2","H3","H3 numbering",430,85,"HA2","H3 HA2 85","E","E",TRUE,FALSE,"exact_ungapped_match",0,"H3_HA2(1-175)"
"H3N2","H3","H3 numbering",431,86,"HA2","H3 HA2 86","D","D",TRUE,FALSE,"exact_ungapped_match",0,"H3_HA2(1-175)"
"H3N2","H3","H3 numbering",432,87,"HA2","H3 HA2 87","T","T",TRUE,FALSE,"exact_ungapped_match",0,"H3_HA2(1-175)"
"H3N2","H3","H3 numbering",433,88,"HA2","H3 HA2 88","K","K",TRUE,FALSE,"exact_ungapped_match",0,"H3_HA2(1-175)"
"H3N2","H3","H3 numbering",434,89,"HA2","H3 HA2 89","I","I",TRUE,FALSE,"exact_ungapped_match",0,"H3_HA2(1-175)"
"H3N2","H3","H3 numbering",435,90,"HA2","H3 HA2 90","D","D",TRUE,FALSE,"exact_ungapped_match",0,"H3_HA2(1-175)"
"H3N2","H3","H3 numbering",436,91,"HA2","H3 HA2 91","L","L",TRUE,FALSE,"exact_ungapped_match",0,"H3_HA2(1-175)"
"H3N2","H3","H3 numbering",437,92,"HA2","H3 HA2 92","W","W",TRUE,FALSE,"exact_ungapped_match",0,"H3_HA2(1-175)"
"H3N2","H3","H3 numbering",438,93,"HA2","H3 HA2 93","S","S",TRUE,FALSE,"exact_ungapped_match",0,"H3_HA2(1-175)"
"H3N2","H3","H3 numbering",439,94,"HA2","H3 HA2 94","Y","Y",TRUE,FALSE,"exact_ungapped_match",0,"H3_HA2(1-175)"
"H3N2","H3","H3 numbering",440,95,"HA2","H3 HA2 95","N","N",TRUE,FALSE,"exact_ungapped_match",0,"H3_HA2(1-175)"
"H3N2","H3","H3 numbering",441,96,"HA2","H3 HA2 96","A","A",TRUE,FALSE,"exact_ungapped_match",0,"H3_HA2(1-175)"
"H3N2","H3","H3 numbering",442,97,"HA2","H3 HA2 97","E","E",TRUE,FALSE,"exact_ungapped_match",0,"H3_HA2(1-175)"
"H3N2","H3","H3 numbering",443,98,"HA2","H3 HA2 98","L","L",TRUE,FALSE,"exact_ungapped_match",0,"H3_HA2(1-175)"
"H3N2","H3","H3 numbering",444,99,"HA2","H3 HA2 99","L","L",TRUE,FALSE,"exact_ungapped_match",0,"H3_HA2(1-175)"
"H3N2","H3","H3 numbering",445,100,"HA2","H3 HA2 100","V","V",TRUE,FALSE,"exact_ungapped_match",0,"H3_HA2(1-175)"
"H3N2","H3","H3 numbering",446,101,"HA2","H3 HA2 101","A","A",TRUE,FALSE,"exact_ungapped_match",0,"H3_HA2(1-175)"
"H3N2","H3","H3 numbering",447,102,"HA2","H3 HA2 102","L","L",TRUE,FALSE,"exact_ungapped_match",0,"H3_HA2(1-175)"
"H3N2","H3","H3 numbering",448,103,"HA2","H3 HA2 103","E","E",TRUE,FALSE,"exact_ungapped_match",0,"H3_HA2(1-175)"
"H3N2","H3","H3 numbering",449,104,"HA2","H3 HA2 104","N","N",TRUE,FALSE,"exact_ungapped_match",0,"H3_HA2(1-175)"
"H3N2","H3","H3 numbering",450,105,"HA2","H3 HA2 105","Q","Q",TRUE,FALSE,"exact_ungapped_match",0,"H3_HA2(1-175)"
"H3N2","H3","H3 numbering",451,106,"HA2","H3 HA2 106","H","H",TRUE,FALSE,"exact_ungapped_match",0,"H3_HA2(1-175)"
"H3N2","H3","H3 numbering",452,107,"HA2","H3 HA2 107","T","T",TRUE,FALSE,"exact_ungapped_match",0,"H3_HA2(1-175)"
"H3N2","H3","H3 numbering",453,108,"HA2","H3 HA2 108","I","I",TRUE,FALSE,"exact_ungapped_match",0,"H3_HA2(1-175)"
"H3N2","H3","H3 numbering",454,109,"HA2","H3 HA2 109","D","D",TRUE,FALSE,"exact_ungapped_match",0,"H3_HA2(1-175)"
"H3N2","H3","H3 numbering",455,110,"HA2","H3 HA2 110","L","L",TRUE,FALSE,"exact_ungapped_match",0,"H3_HA2(1-175)"
"H3N2","H3","H3 numbering",456,111,"HA2","H3 HA2 111","T","T",TRUE,FALSE,"exact_ungapped_match",0,"H3_HA2(1-175)"
"H3N2","H3","H3 numbering",457,112,"HA2","H3 HA2 112","D","D",TRUE,FALSE,"exact_ungapped_match",0,"H3_HA2(1-175)"
"H3N2","H3","H3 numbering",458,113,"HA2","H3 HA2 113","S","S",TRUE,FALSE,"exact_ungapped_match",0,"H3_HA2(1-175)"
"H3N2","H3","H3 numbering",459,114,"HA2","H3 HA2 114","E","E",TRUE,FALSE,"exact_ungapped_match",0,"H3_HA2(1-175)"
"H3N2","H3","H3 numbering",460,115,"HA2","H3 HA2 115","M","M",TRUE,FALSE,"exact_ungapped_match",0,"H3_HA2(1-175)"
"H3N2","H3","H3 numbering",461,116,"HA2","H3 HA2 116","N","N",TRUE,FALSE,"exact_ungapped_match",0,"H3_HA2(1-175)"
"H3N2","H3","H3 numbering",462,117,"HA2","H3 HA2 117","K","K",TRUE,FALSE,"exact_ungapped_match",0,"H3_HA2(1-175)"
"H3N2","H3","H3 numbering",463,118,"HA2","H3 HA2 118","L","L",TRUE,FALSE,"exact_ungapped_match",0,"H3_HA2(1-175)"
"H3N2","H3","H3 numbering",464,119,"HA2","H3 HA2 119","F","F",TRUE,FALSE,"exact_ungapped_match",0,"H3_HA2(1-175)"
"H3N2","H3","H3 numbering",465,120,"HA2","H3 HA2 120","E","E",TRUE,FALSE,"exact_ungapped_match",0,"H3_HA2(1-175)"
"H3N2","H3","H3 numbering",466,121,"HA2","H3 HA2 121","K","K",TRUE,FALSE,"exact_ungapped_match",0,"H3_HA2(1-175)"
"H3N2","H3","H3 numbering",467,122,"HA2","H3 HA2 122","T","T",TRUE,FALSE,"exact_ungapped_match",0,"H3_HA2(1-175)"
"H3N2","H3","H3 numbering",468,123,"HA2","H3 HA2 123","K","K",TRUE,FALSE,"exact_ungapped_match",0,"H3_HA2(1-175)"
"H3N2","H3","H3 numbering",469,124,"HA2","H3 HA2 124","K","K",TRUE,FALSE,"exact_ungapped_match",0,"H3_HA2(1-175)"
"H3N2","H3","H3 numbering",470,125,"HA2","H3 HA2 125","Q","Q",TRUE,FALSE,"exact_ungapped_match",0,"H3_HA2(1-175)"
"H3N2","H3","H3 numbering",471,126,"HA2","H3 HA2 126","L","L",TRUE,FALSE,"exact_ungapped_match",0,"H3_HA2(1-175)"
"H3N2","H3","H3 numbering",472,127,"HA2","H3 HA2 127","R","R",TRUE,FALSE,"exact_ungapped_match",0,"H3_HA2(1-175)"
"H3N2","H3","H3 numbering",473,128,"HA2","H3 HA2 128","E","E",TRUE,FALSE,"exact_ungapped_match",0,"H3_HA2(1-175)"
"H3N2","H3","H3 numbering",474,129,"HA2","H3 HA2 129","N","N",TRUE,FALSE,"exact_ungapped_match",0,"H3_HA2(1-175)"
"H3N2","H3","H3 numbering",475,130,"HA2","H3 HA2 130","A","A",TRUE,FALSE,"exact_ungapped_match",0,"H3_HA2(1-175)"
"H3N2","H3","H3 numbering",476,131,"HA2","H3 HA2 131","E","E",TRUE,FALSE,"exact_ungapped_match",0,"H3_HA2(1-175)"
"H3N2","H3","H3 numbering",477,132,"HA2","H3 HA2 132","D","D",TRUE,FALSE,"exact_ungapped_match",0,"H3_HA2(1-175)"
"H3N2","H3","H3 numbering",478,133,"HA2","H3 HA2 133","M","M",TRUE,FALSE,"exact_ungapped_match",0,"H3_HA2(1-175)"
"H3N2","H3","H3 numbering",479,134,"HA2","H3 HA2 134","G","G",TRUE,FALSE,"exact_ungapped_match",0,"H3_HA2(1-175)"
"H3N2","H3","H3 numbering",480,135,"HA2","H3 HA2 135","N","N",TRUE,FALSE,"exact_ungapped_match",0,"H3_HA2(1-175)"
"H3N2","H3","H3 numbering",481,136,"HA2","H3 HA2 136","G","G",TRUE,FALSE,"exact_ungapped_match",0,"H3_HA2(1-175)"
"H3N2","H3","H3 numbering",482,137,"HA2","H3 HA2 137","C","C",TRUE,FALSE,"exact_ungapped_match",0,"H3_HA2(1-175)"
"H3N2","H3","H3 numbering",483,138,"HA2","H3 HA2 138","F","F",TRUE,FALSE,"exact_ungapped_match",0,"H3_HA2(1-175)"
"H3N2","H3","H3 numbering",484,139,"HA2","H3 HA2 139","K","K",TRUE,FALSE,"exact_ungapped_match",0,"H3_HA2(1-175)"
"H3N2","H3","H3 numbering",485,140,"HA2","H3 HA2 140","I","I",TRUE,FALSE,"exact_ungapped_match",0,"H3_HA2(1-175)"
"H3N2","H3","H3 numbering",486,141,"HA2","H3 HA2 141","Y","Y",TRUE,FALSE,"exact_ungapped_match",0,"H3_HA2(1-175)"
"H3N2","H3","H3 numbering",487,142,"HA2","H3 HA2 142","H","H",TRUE,FALSE,"exact_ungapped_match",0,"H3_HA2(1-175)"
"H3N2","H3","H3 numbering",488,143,"HA2","H3 HA2 143","K","K",TRUE,FALSE,"exact_ungapped_match",0,"H3_HA2(1-175)"
"H3N2","H3","H3 numbering",489,144,"HA2","H3 HA2 144","C","C",TRUE,FALSE,"exact_ungapped_match",0,"H3_HA2(1-175)"
"H3N2","H3","H3 numbering",490,145,"HA2","H3 HA2 145","D","D",TRUE,FALSE,"exact_ungapped_match",0,"H3_HA2(1-175)"
"H3N2","H3","H3 numbering",491,146,"HA2","H3 HA2 146","N","N",TRUE,FALSE,"exact_ungapped_match",0,"H3_HA2(1-175)"
"H3N2","H3","H3 numbering",492,147,"HA2","H3 HA2 147","A","A",TRUE,FALSE,"exact_ungapped_match",0,"H3_HA2(1-175)"
"H3N2","H3","H3 numbering",493,148,"HA2","H3 HA2 148","C","C",TRUE,FALSE,"exact_ungapped_match",0,"H3_HA2(1-175)"
"H3N2","H3","H3 numbering",494,149,"HA2","H3 HA2 149","I","I",TRUE,FALSE,"exact_ungapped_match",0,"H3_HA2(1-175)"
"H3N2","H3","H3 numbering",495,150,"HA2","H3 HA2 150","G","G",TRUE,FALSE,"exact_ungapped_match",0,"H3_HA2(1-175)"
"H3N2","H3","H3 numbering",496,151,"HA2","H3 HA2 151","S","S",TRUE,FALSE,"exact_ungapped_match",0,"H3_HA2(1-175)"
"H3N2","H3","H3 numbering",497,152,"HA2","H3 HA2 152","I","I",TRUE,FALSE,"exact_ungapped_match",0,"H3_HA2(1-175)"
"H3N2","H3","H3 numbering",498,153,"HA2","H3 HA2 153","R","R",TRUE,FALSE,"exact_ungapped_match",0,"H3_HA2(1-175)"
"H3N2","H3","H3 numbering",499,154,"HA2","H3 HA2 154","N","N",TRUE,FALSE,"exact_ungapped_match",0,"H3_HA2(1-175)"
"H3N2","H3","H3 numbering",500,155,"HA2","H3 HA2 155","E","E",TRUE,FALSE,"exact_ungapped_match",0,"H3_HA2(1-175)"
"H3N2","H3","H3 numbering",501,156,"HA2","H3 HA2 156","T","T",TRUE,FALSE,"exact_ungapped_match",0,"H3_HA2(1-175)"
"H3N2","H3","H3 numbering",502,157,"HA2","H3 HA2 157","Y","Y",TRUE,FALSE,"exact_ungapped_match",0,"H3_HA2(1-175)"
"H3N2","H3","H3 numbering",503,158,"HA2","H3 HA2 158","D","D",TRUE,FALSE,"exact_ungapped_match",0,"H3_HA2(1-175)"
"H3N2","H3","H3 numbering",504,159,"HA2","H3 HA2 159","H","H",TRUE,FALSE,"exact_ungapped_match",0,"H3_HA2(1-175)"
"H3N2","H3","H3 numbering",505,160,"HA2","H3 HA2 160","N","N",TRUE,FALSE,"exact_ungapped_match",0,"H3_HA2(1-175)"
"H3N2","H3","H3 numbering",506,161,"HA2","H3 HA2 161","V","V",TRUE,FALSE,"exact_ungapped_match",0,"H3_HA2(1-175)"
"H3N2","H3","H3 numbering",507,162,"HA2","H3 HA2 162","Y","Y",TRUE,FALSE,"exact_ungapped_match",0,"H3_HA2(1-175)"
"H3N2","H3","H3 numbering",508,163,"HA2","H3 HA2 163","R","R",TRUE,FALSE,"exact_ungapped_match",0,"H3_HA2(1-175)"
"H3N2","H3","H3 numbering",509,164,"HA2","H3 HA2 164","D","D",TRUE,FALSE,"exact_ungapped_match",0,"H3_HA2(1-175)"
"H3N2","H3","H3 numbering",510,165,"HA2","H3 HA2 165","E","E",TRUE,FALSE,"exact_ungapped_match",0,"H3_HA2(1-175)"
"H3N2","H3","H3 numbering",511,166,"HA2","H3 HA2 166","A","A",TRUE,FALSE,"exact_ungapped_match",0,"H3_HA2(1-175)"
"H3N2","H3","H3 numbering",512,167,"HA2","H3 HA2 167","L","L",TRUE,FALSE,"exact_ungapped_match",0,"H3_HA2(1-175)"
"H3N2","H3","H3 numbering",513,168,"HA2","H3 HA2 168","N","N",TRUE,FALSE,"exact_ungapped_match",0,"H3_HA2(1-175)"
"H3N2","H3","H3 numbering",514,169,"HA2","H3 HA2 169","N","N",TRUE,FALSE,"exact_ungapped_match",0,"H3_HA2(1-175)"
"H3N2","H3","H3 numbering",515,170,"HA2","H3 HA2 170","R","R",TRUE,FALSE,"exact_ungapped_match",0,"H3_HA2(1-175)"
"H3N2","H3","H3 numbering",516,171,"HA2","H3 HA2 171","F","F",TRUE,FALSE,"exact_ungapped_match",0,"H3_HA2(1-175)"
"H3N2","H3","H3 numbering",517,172,"HA2","H3 HA2 172","Q","Q",TRUE,FALSE,"exact_ungapped_match",0,"H3_HA2(1-175)"
"H3N2","H3","H3 numbering",518,173,"HA2","H3 HA2 173","I","I",TRUE,FALSE,"exact_ungapped_match",0,"H3_HA2(1-175)"
"H3N2","H3","H3 numbering",519,174,"HA2","H3 HA2 174","K","K",TRUE,FALSE,"exact_ungapped_match",0,"H3_HA2(1-175)"
"H3N2","H3","H3 numbering",520,175,"HA2","H3 HA2 175","G","G",TRUE,FALSE,"exact_ungapped_match",0,"H3_HA2(1-175)"
"H5NX","H5","H1 numbering",17,7,"HA1","H5 HA1 7","D","D",TRUE,FALSE,"exact_ungapped_match",0,"H5_HA1(7-327)"
"H5NX","H5","H1 numbering",18,8,"HA1","H5 HA1 8","Q","Q",TRUE,FALSE,"exact_ungapped_match",0,"H5_HA1(7-327)"
"H5NX","H5","H1 numbering",19,9,"HA1","H5 HA1 9","I","I",TRUE,FALSE,"exact_ungapped_match",0,"H5_HA1(7-327)"
"H5NX","H5","H1 numbering",20,10,"HA1","H5 HA1 10","C","C",TRUE,FALSE,"exact_ungapped_match",0,"H5_HA1(7-327)"
"H5NX","H5","H1 numbering",21,11,"HA1","H5 HA1 11","I","I",TRUE,FALSE,"exact_ungapped_match",0,"H5_HA1(7-327)"
"H5NX","H5","H1 numbering",22,12,"HA1","H5 HA1 12","G","G",TRUE,FALSE,"exact_ungapped_match",0,"H5_HA1(7-327)"
"H5NX","H5","H1 numbering",23,13,"HA1","H5 HA1 13","Y","Y",TRUE,FALSE,"exact_ungapped_match",0,"H5_HA1(7-327)"
"H5NX","H5","H1 numbering",24,14,"HA1","H5 HA1 14","H","H",TRUE,FALSE,"exact_ungapped_match",0,"H5_HA1(7-327)"
"H5NX","H5","H1 numbering",25,15,"HA1","H5 HA1 15","A","A",TRUE,FALSE,"exact_ungapped_match",0,"H5_HA1(7-327)"
"H5NX","H5","H1 numbering",26,16,"HA1","H5 HA1 16","N","N",TRUE,FALSE,"exact_ungapped_match",0,"H5_HA1(7-327)"
"H5NX","H5","H1 numbering",27,17,"HA1","H5 HA1 17","N","N",TRUE,FALSE,"exact_ungapped_match",0,"H5_HA1(7-327)"
"H5NX","H5","H1 numbering",28,18,"HA1","H5 HA1 18","S","S",TRUE,FALSE,"exact_ungapped_match",0,"H5_HA1(7-327)"
"H5NX","H5","H1 numbering",29,19,"HA1","H5 HA1 19","T","T",TRUE,FALSE,"exact_ungapped_match",0,"H5_HA1(7-327)"
"H5NX","H5","H1 numbering",30,20,"HA1","H5 HA1 20","E","E",TRUE,FALSE,"exact_ungapped_match",0,"H5_HA1(7-327)"
"H5NX","H5","H1 numbering",31,21,"HA1","H5 HA1 21","Q","Q",TRUE,FALSE,"exact_ungapped_match",0,"H5_HA1(7-327)"
"H5NX","H5","H1 numbering",32,22,"HA1","H5 HA1 22","V","V",TRUE,FALSE,"exact_ungapped_match",0,"H5_HA1(7-327)"
"H5NX","H5","H1 numbering",33,23,"HA1","H5 HA1 23","D","D",TRUE,FALSE,"exact_ungapped_match",0,"H5_HA1(7-327)"
"H5NX","H5","H1 numbering",34,24,"HA1","H5 HA1 24","T","T",TRUE,FALSE,"exact_ungapped_match",0,"H5_HA1(7-327)"
"H5NX","H5","H1 numbering",35,25,"HA1","H5 HA1 25","I","I",TRUE,FALSE,"exact_ungapped_match",0,"H5_HA1(7-327)"
"H5NX","H5","H1 numbering",36,26,"HA1","H5 HA1 26","M","M",TRUE,FALSE,"exact_ungapped_match",0,"H5_HA1(7-327)"
"H5NX","H5","H1 numbering",37,27,"HA1","H5 HA1 27","E","E",TRUE,FALSE,"exact_ungapped_match",0,"H5_HA1(7-327)"
"H5NX","H5","H1 numbering",38,28,"HA1","H5 HA1 28","K","K",TRUE,FALSE,"exact_ungapped_match",0,"H5_HA1(7-327)"
"H5NX","H5","H1 numbering",39,29,"HA1","H5 HA1 29","N","N",TRUE,FALSE,"exact_ungapped_match",0,"H5_HA1(7-327)"
"H5NX","H5","H1 numbering",40,30,"HA1","H5 HA1 30","V","V",TRUE,FALSE,"exact_ungapped_match",0,"H5_HA1(7-327)"
"H5NX","H5","H1 numbering",41,31,"HA1","H5 HA1 31","T","T",TRUE,FALSE,"exact_ungapped_match",0,"H5_HA1(7-327)"
"H5NX","H5","H1 numbering",42,32,"HA1","H5 HA1 32","V","V",TRUE,FALSE,"exact_ungapped_match",0,"H5_HA1(7-327)"
"H5NX","H5","H1 numbering",43,33,"HA1","H5 HA1 33","T","T",TRUE,FALSE,"exact_ungapped_match",0,"H5_HA1(7-327)"
"H5NX","H5","H1 numbering",44,34,"HA1","H5 HA1 34","H","H",TRUE,FALSE,"exact_ungapped_match",0,"H5_HA1(7-327)"
"H5NX","H5","H1 numbering",45,35,"HA1","H5 HA1 35","A","A",TRUE,FALSE,"exact_ungapped_match",0,"H5_HA1(7-327)"
"H5NX","H5","H1 numbering",46,36,"HA1","H5 HA1 36","Q","Q",TRUE,FALSE,"exact_ungapped_match",0,"H5_HA1(7-327)"
"H5NX","H5","H1 numbering",47,37,"HA1","H5 HA1 37","D","D",TRUE,FALSE,"exact_ungapped_match",0,"H5_HA1(7-327)"
"H5NX","H5","H1 numbering",48,38,"HA1","H5 HA1 38","I","I",TRUE,FALSE,"exact_ungapped_match",0,"H5_HA1(7-327)"
"H5NX","H5","H1 numbering",49,39,"HA1","H5 HA1 39","L","L",TRUE,FALSE,"exact_ungapped_match",0,"H5_HA1(7-327)"
"H5NX","H5","H1 numbering",50,40,"HA1","H5 HA1 40","E","E",TRUE,FALSE,"exact_ungapped_match",0,"H5_HA1(7-327)"
"H5NX","H5","H1 numbering",51,41,"HA1","H5 HA1 41","K","K",TRUE,FALSE,"exact_ungapped_match",0,"H5_HA1(7-327)"
"H5NX","H5","H1 numbering",52,42,"HA1","H5 HA1 42","T","T",TRUE,FALSE,"exact_ungapped_match",0,"H5_HA1(7-327)"
"H5NX","H5","H1 numbering",53,43,"HA1","H5 HA1 43","H","H",TRUE,FALSE,"exact_ungapped_match",0,"H5_HA1(7-327)"
"H5NX","H5","H1 numbering",54,44,"HA1","H5 HA1 44","N","N",TRUE,FALSE,"exact_ungapped_match",0,"H5_HA1(7-327)"
"H5NX","H5","H1 numbering",55,45,"HA1","H5 HA1 45","G","G",TRUE,FALSE,"exact_ungapped_match",0,"H5_HA1(7-327)"
"H5NX","H5","H1 numbering",56,46,"HA1","H5 HA1 46","K","K",TRUE,FALSE,"exact_ungapped_match",0,"H5_HA1(7-327)"
"H5NX","H5","H1 numbering",57,47,"HA1","H5 HA1 47","L","L",TRUE,FALSE,"exact_ungapped_match",0,"H5_HA1(7-327)"
"H5NX","H5","H1 numbering",58,48,"HA1","H5 HA1 48","C","C",TRUE,FALSE,"exact_ungapped_match",0,"H5_HA1(7-327)"
"H5NX","H5","H1 numbering",59,49,"HA1","H5 HA1 49","D","D",TRUE,FALSE,"exact_ungapped_match",0,"H5_HA1(7-327)"
"H5NX","H5","H1 numbering",60,50,"HA1","H5 HA1 50","L","L",TRUE,FALSE,"exact_ungapped_match",0,"H5_HA1(7-327)"
"H5NX","H5","H1 numbering",61,51,"HA1","H5 HA1 51","N","N",TRUE,FALSE,"exact_ungapped_match",0,"H5_HA1(7-327)"
"H5NX","H5","H1 numbering",62,52,"HA1","H5 HA1 52","G","G",TRUE,FALSE,"exact_ungapped_match",0,"H5_HA1(7-327)"
"H5NX","H5","H1 numbering",63,53,"HA1","H5 HA1 53","V","V",TRUE,FALSE,"exact_ungapped_match",0,"H5_HA1(7-327)"
"H5NX","H5","H1 numbering",64,54,"HA1","H5 HA1 54","K","K",TRUE,FALSE,"exact_ungapped_match",0,"H5_HA1(7-327)"
"H5NX","H5","H1 numbering",65,55,"HA1","H5 HA1 55","P","P",TRUE,FALSE,"exact_ungapped_match",0,"H5_HA1(7-327)"
"H5NX","H5","H1 numbering",66,56,"HA1","H5 HA1 56","L","L",TRUE,FALSE,"exact_ungapped_match",0,"H5_HA1(7-327)"
"H5NX","H5","H1 numbering",67,57,"HA1","H5 HA1 57","I","I",TRUE,FALSE,"exact_ungapped_match",0,"H5_HA1(7-327)"
"H5NX","H5","H1 numbering",68,58,"HA1","H5 HA1 58","L","L",TRUE,FALSE,"exact_ungapped_match",0,"H5_HA1(7-327)"
"H5NX","H5","H1 numbering",69,59,"HA1","H5 HA1 59","K","K",TRUE,FALSE,"exact_ungapped_match",0,"H5_HA1(7-327)"
"H5NX","H5","H1 numbering",70,60,"HA1","H5 HA1 60","D","D",TRUE,FALSE,"exact_ungapped_match",0,"H5_HA1(7-327)"
"H5NX","H5","H1 numbering",71,61,"HA1","H5 HA1 61","C","C",TRUE,FALSE,"exact_ungapped_match",0,"H5_HA1(7-327)"
"H5NX","H5","H1 numbering",72,62,"HA1","H5 HA1 62","S","S",TRUE,FALSE,"exact_ungapped_match",0,"H5_HA1(7-327)"
"H5NX","H5","H1 numbering",73,63,"HA1","H5 HA1 63","V","V",TRUE,FALSE,"exact_ungapped_match",0,"H5_HA1(7-327)"
"H5NX","H5","H1 numbering",74,64,"HA1","H5 HA1 64","A","A",TRUE,FALSE,"exact_ungapped_match",0,"H5_HA1(7-327)"
"H5NX","H5","H1 numbering",75,65,"HA1","H5 HA1 65","G","G",TRUE,FALSE,"exact_ungapped_match",0,"H5_HA1(7-327)"
"H5NX","H5","H1 numbering",76,66,"HA1","H5 HA1 66","W","W",TRUE,FALSE,"exact_ungapped_match",0,"H5_HA1(7-327)"
"H5NX","H5","H1 numbering",77,67,"HA1","H5 HA1 67","L","L",TRUE,FALSE,"exact_ungapped_match",0,"H5_HA1(7-327)"
"H5NX","H5","H1 numbering",78,68,"HA1","H5 HA1 68","L","L",TRUE,FALSE,"exact_ungapped_match",0,"H5_HA1(7-327)"
"H5NX","H5","H1 numbering",79,69,"HA1","H5 HA1 69","G","G",TRUE,FALSE,"exact_ungapped_match",0,"H5_HA1(7-327)"
"H5NX","H5","H1 numbering",80,70,"HA1","H5 HA1 70","N","N",TRUE,FALSE,"exact_ungapped_match",0,"H5_HA1(7-327)"
"H5NX","H5","H1 numbering",81,71,"HA1","H5 HA1 71","P","P",TRUE,FALSE,"exact_ungapped_match",0,"H5_HA1(7-327)"
"H5NX","H5","H1 numbering",82,72,"HA1","H5 HA1 72","M","M",TRUE,FALSE,"exact_ungapped_match",0,"H5_HA1(7-327)"
"H5NX","H5","H1 numbering",83,73,"HA1","H5 HA1 73","C","C",TRUE,FALSE,"exact_ungapped_match",0,"H5_HA1(7-327)"
"H5NX","H5","H1 numbering",84,74,"HA1","H5 HA1 74","D","D",TRUE,FALSE,"exact_ungapped_match",0,"H5_HA1(7-327)"
"H5NX","H5","H1 numbering",85,75,"HA1","H5 HA1 75","E","E",TRUE,FALSE,"exact_ungapped_match",0,"H5_HA1(7-327)"
"H5NX","H5","H1 numbering",86,76,"HA1","H5 HA1 76","F","F",TRUE,FALSE,"exact_ungapped_match",0,"H5_HA1(7-327)"
"H5NX","H5","H1 numbering",87,77,"HA1","H5 HA1 77","I","I",TRUE,FALSE,"exact_ungapped_match",0,"H5_HA1(7-327)"
"H5NX","H5","H1 numbering",88,78,"HA1","H5 HA1 78","R","R",TRUE,FALSE,"exact_ungapped_match",0,"H5_HA1(7-327)"
"H5NX","H5","H1 numbering",89,79,"HA1","H5 HA1 79","V","V",TRUE,FALSE,"exact_ungapped_match",0,"H5_HA1(7-327)"
"H5NX","H5","H1 numbering",90,80,"HA1","H5 HA1 80","P","P",TRUE,FALSE,"exact_ungapped_match",0,"H5_HA1(7-327)"
"H5NX","H5","H1 numbering",91,81,"HA1","H5 HA1 81","E","E",TRUE,FALSE,"exact_ungapped_match",0,"H5_HA1(7-327)"
"H5NX","H5","H1 numbering",92,82,"HA1","H5 HA1 82","W","W",TRUE,FALSE,"exact_ungapped_match",0,"H5_HA1(7-327)"
"H5NX","H5","H1 numbering",93,83,"HA1","H5 HA1 83","S","S",TRUE,FALSE,"exact_ungapped_match",0,"H5_HA1(7-327)"
"H5NX","H5","H1 numbering",94,84,"HA1","H5 HA1 84","Y","Y",TRUE,FALSE,"exact_ungapped_match",0,"H5_HA1(7-327)"
"H5NX","H5","H1 numbering",95,85,"HA1","H5 HA1 85","I","I",TRUE,FALSE,"exact_ungapped_match",0,"H5_HA1(7-327)"
"H5NX","H5","H1 numbering",96,86,"HA1","H5 HA1 86","V","V",TRUE,FALSE,"exact_ungapped_match",0,"H5_HA1(7-327)"
"H5NX","H5","H1 numbering",97,87,"HA1","H5 HA1 87","E","E",TRUE,FALSE,"exact_ungapped_match",0,"H5_HA1(7-327)"
"H5NX","H5","H1 numbering",98,88,"HA1","H5 HA1 88","R","R",TRUE,FALSE,"exact_ungapped_match",0,"H5_HA1(7-327)"
"H5NX","H5","H1 numbering",99,89,"HA1","H5 HA1 89","A","A",TRUE,FALSE,"exact_ungapped_match",0,"H5_HA1(7-327)"
"H5NX","H5","H1 numbering",100,90,"HA1","H5 HA1 90","N","N",TRUE,FALSE,"exact_ungapped_match",0,"H5_HA1(7-327)"
"H5NX","H5","H1 numbering",101,91,"HA1","H5 HA1 91","P","P",TRUE,FALSE,"exact_ungapped_match",0,"H5_HA1(7-327)"
"H5NX","H5","H1 numbering",102,92,"HA1","H5 HA1 92","A","A",TRUE,FALSE,"exact_ungapped_match",0,"H5_HA1(7-327)"
"H5NX","H5","H1 numbering",103,93,"HA1","H5 HA1 93","N","N",TRUE,FALSE,"exact_ungapped_match",0,"H5_HA1(7-327)"
"H5NX","H5","H1 numbering",104,94,"HA1","H5 HA1 94","D","D",TRUE,FALSE,"exact_ungapped_match",0,"H5_HA1(7-327)"
"H5NX","H5","H1 numbering",105,95,"HA1","H5 HA1 95","L","L",TRUE,FALSE,"exact_ungapped_match",0,"H5_HA1(7-327)"
"H5NX","H5","H1 numbering",106,96,"HA1","H5 HA1 96","C","C",TRUE,FALSE,"exact_ungapped_match",0,"H5_HA1(7-327)"
"H5NX","H5","H1 numbering",107,97,"HA1","H5 HA1 97","Y","Y",TRUE,FALSE,"exact_ungapped_match",0,"H5_HA1(7-327)"
"H5NX","H5","H1 numbering",108,98,"HA1","H5 HA1 98","P","P",TRUE,FALSE,"exact_ungapped_match",0,"H5_HA1(7-327)"
"H5NX","H5","H1 numbering",109,99,"HA1","H5 HA1 99","G","G",TRUE,FALSE,"exact_ungapped_match",0,"H5_HA1(7-327)"
"H5NX","H5","H1 numbering",110,100,"HA1","H5 HA1 100","S","S",TRUE,FALSE,"exact_ungapped_match",0,"H5_HA1(7-327)"
"H5NX","H5","H1 numbering",111,101,"HA1","H5 HA1 101","L","L",TRUE,FALSE,"exact_ungapped_match",0,"H5_HA1(7-327)"
"H5NX","H5","H1 numbering",112,102,"HA1","H5 HA1 102","N","N",TRUE,FALSE,"exact_ungapped_match",0,"H5_HA1(7-327)"
"H5NX","H5","H1 numbering",113,103,"HA1","H5 HA1 103","D","D",TRUE,FALSE,"exact_ungapped_match",0,"H5_HA1(7-327)"
"H5NX","H5","H1 numbering",114,104,"HA1","H5 HA1 104","Y","Y",TRUE,FALSE,"exact_ungapped_match",0,"H5_HA1(7-327)"
"H5NX","H5","H1 numbering",115,105,"HA1","H5 HA1 105","E","E",TRUE,FALSE,"exact_ungapped_match",0,"H5_HA1(7-327)"
"H5NX","H5","H1 numbering",116,106,"HA1","H5 HA1 106","E","E",TRUE,FALSE,"exact_ungapped_match",0,"H5_HA1(7-327)"
"H5NX","H5","H1 numbering",117,107,"HA1","H5 HA1 107","L","L",TRUE,FALSE,"exact_ungapped_match",0,"H5_HA1(7-327)"
"H5NX","H5","H1 numbering",118,108,"HA1","H5 HA1 108","K","K",TRUE,FALSE,"exact_ungapped_match",0,"H5_HA1(7-327)"
"H5NX","H5","H1 numbering",119,109,"HA1","H5 HA1 109","H","H",TRUE,FALSE,"exact_ungapped_match",0,"H5_HA1(7-327)"
"H5NX","H5","H1 numbering",120,110,"HA1","H5 HA1 110","L","L",TRUE,FALSE,"exact_ungapped_match",0,"H5_HA1(7-327)"
"H5NX","H5","H1 numbering",121,111,"HA1","H5 HA1 111","L","L",TRUE,FALSE,"exact_ungapped_match",0,"H5_HA1(7-327)"
"H5NX","H5","H1 numbering",122,112,"HA1","H5 HA1 112","S","S",TRUE,FALSE,"exact_ungapped_match",0,"H5_HA1(7-327)"
"H5NX","H5","H1 numbering",123,113,"HA1","H5 HA1 113","R","R",TRUE,FALSE,"exact_ungapped_match",0,"H5_HA1(7-327)"
"H5NX","H5","H1 numbering",124,114,"HA1","H5 HA1 114","I","I",TRUE,FALSE,"exact_ungapped_match",0,"H5_HA1(7-327)"
"H5NX","H5","H1 numbering",125,115,"HA1","H5 HA1 115","N","N",TRUE,FALSE,"exact_ungapped_match",0,"H5_HA1(7-327)"
"H5NX","H5","H1 numbering",126,116,"HA1","H5 HA1 116","H","H",TRUE,FALSE,"exact_ungapped_match",0,"H5_HA1(7-327)"
"H5NX","H5","H1 numbering",127,117,"HA1","H5 HA1 117","F","F",TRUE,FALSE,"exact_ungapped_match",0,"H5_HA1(7-327)"
"H5NX","H5","H1 numbering",128,118,"HA1","H5 HA1 118","E","E",TRUE,FALSE,"exact_ungapped_match",0,"H5_HA1(7-327)"
"H5NX","H5","H1 numbering",129,119,"HA1","H5 HA1 119","K","K",TRUE,FALSE,"exact_ungapped_match",0,"H5_HA1(7-327)"
"H5NX","H5","H1 numbering",130,120,"HA1","H5 HA1 120","I","I",TRUE,FALSE,"exact_ungapped_match",0,"H5_HA1(7-327)"
"H5NX","H5","H1 numbering",131,121,"HA1","H5 HA1 121","L","L",TRUE,FALSE,"exact_ungapped_match",0,"H5_HA1(7-327)"
"H5NX","H5","H1 numbering",132,122,"HA1","H5 HA1 122","I","I",TRUE,FALSE,"exact_ungapped_match",0,"H5_HA1(7-327)"
"H5NX","H5","H1 numbering",133,123,"HA1","H5 HA1 123","I","I",TRUE,FALSE,"exact_ungapped_match",0,"H5_HA1(7-327)"
"H5NX","H5","H1 numbering",134,124,"HA1","H5 HA1 124","P","P",TRUE,FALSE,"exact_ungapped_match",0,"H5_HA1(7-327)"
"H5NX","H5","H1 numbering",135,125,"HA1","H5 HA1 125","K","K",TRUE,FALSE,"exact_ungapped_match",0,"H5_HA1(7-327)"
"H5NX","H5","H1 numbering",NA,126,"HA1","H5 HA1 126","-","",NA,TRUE,"exact_ungapped_match",0,"H5_HA1(7-327)"
"H5NX","H5","H1 numbering",136,127,"HA1","H5 HA1 127","S","S",TRUE,FALSE,"exact_ungapped_match",0,"H5_HA1(7-327)"
"H5NX","H5","H1 numbering",137,128,"HA1","H5 HA1 128","S","S",TRUE,FALSE,"exact_ungapped_match",0,"H5_HA1(7-327)"
"H5NX","H5","H1 numbering",138,129,"HA1","H5 HA1 129","W","W",TRUE,FALSE,"exact_ungapped_match",0,"H5_HA1(7-327)"
"H5NX","H5","H1 numbering",139,130,"HA1","H5 HA1 130","P","P",TRUE,FALSE,"exact_ungapped_match",0,"H5_HA1(7-327)"
"H5NX","H5","H1 numbering",140,131,"HA1","H5 HA1 131","N","N",TRUE,FALSE,"exact_ungapped_match",0,"H5_HA1(7-327)"
"H5NX","H5","H1 numbering",141,132,"HA1","H5 HA1 132","H","H",TRUE,FALSE,"exact_ungapped_match",0,"H5_HA1(7-327)"
"H5NX","H5","H1 numbering",142,133,"HA1","H5 HA1 133","E","E",TRUE,FALSE,"exact_ungapped_match",0,"H5_HA1(7-327)"
"H5NX","H5","H1 numbering",143,134,"HA1","H5 HA1 134","T","T",TRUE,FALSE,"exact_ungapped_match",0,"H5_HA1(7-327)"
"H5NX","H5","H1 numbering",144,135,"HA1","H5 HA1 135","S","S",TRUE,FALSE,"exact_ungapped_match",0,"H5_HA1(7-327)"
"H5NX","H5","H1 numbering",145,136,"HA1","H5 HA1 136","L","L",TRUE,FALSE,"exact_ungapped_match",0,"H5_HA1(7-327)"
"H5NX","H5","H1 numbering",146,137,"HA1","H5 HA1 137","G","G",TRUE,FALSE,"exact_ungapped_match",0,"H5_HA1(7-327)"
"H5NX","H5","H1 numbering",147,138,"HA1","H5 HA1 138","V","V",TRUE,FALSE,"exact_ungapped_match",0,"H5_HA1(7-327)"
"H5NX","H5","H1 numbering",148,139,"HA1","H5 HA1 139","S","S",TRUE,FALSE,"exact_ungapped_match",0,"H5_HA1(7-327)"
"H5NX","H5","H1 numbering",149,140,"HA1","H5 HA1 140","A","A",TRUE,FALSE,"exact_ungapped_match",0,"H5_HA1(7-327)"
"H5NX","H5","H1 numbering",150,141,"HA1","H5 HA1 141","A","A",TRUE,FALSE,"exact_ungapped_match",0,"H5_HA1(7-327)"
"H5NX","H5","H1 numbering",151,142,"HA1","H5 HA1 142","C","C",TRUE,FALSE,"exact_ungapped_match",0,"H5_HA1(7-327)"
"H5NX","H5","H1 numbering",152,143,"HA1","H5 HA1 143","P","P",TRUE,FALSE,"exact_ungapped_match",0,"H5_HA1(7-327)"
"H5NX","H5","H1 numbering",153,144,"HA1","H5 HA1 144","Y","Y",TRUE,FALSE,"exact_ungapped_match",0,"H5_HA1(7-327)"
"H5NX","H5","H1 numbering",154,145,"HA1","H5 HA1 145","Q","Q",TRUE,FALSE,"exact_ungapped_match",0,"H5_HA1(7-327)"
"H5NX","H5","H1 numbering",155,146,"HA1","H5 HA1 146","G","G",TRUE,FALSE,"exact_ungapped_match",0,"H5_HA1(7-327)"
"H5NX","H5","H1 numbering",156,147,"HA1","H5 HA1 147","A","A",TRUE,FALSE,"exact_ungapped_match",0,"H5_HA1(7-327)"
"H5NX","H5","H1 numbering",157,148,"HA1","H5 HA1 148","P","P",TRUE,FALSE,"exact_ungapped_match",0,"H5_HA1(7-327)"
"H5NX","H5","H1 numbering",158,149,"HA1","H5 HA1 149","S","S",TRUE,FALSE,"exact_ungapped_match",0,"H5_HA1(7-327)"
"H5NX","H5","H1 numbering",159,150,"HA1","H5 HA1 150","F","F",TRUE,FALSE,"exact_ungapped_match",0,"H5_HA1(7-327)"
"H5NX","H5","H1 numbering",160,151,"HA1","H5 HA1 151","F","F",TRUE,FALSE,"exact_ungapped_match",0,"H5_HA1(7-327)"
"H5NX","H5","H1 numbering",161,152,"HA1","H5 HA1 152","R","R",TRUE,FALSE,"exact_ungapped_match",0,"H5_HA1(7-327)"
"H5NX","H5","H1 numbering",162,153,"HA1","H5 HA1 153","N","N",TRUE,FALSE,"exact_ungapped_match",0,"H5_HA1(7-327)"
"H5NX","H5","H1 numbering",163,154,"HA1","H5 HA1 154","V","V",TRUE,FALSE,"exact_ungapped_match",0,"H5_HA1(7-327)"
"H5NX","H5","H1 numbering",164,155,"HA1","H5 HA1 155","V","V",TRUE,FALSE,"exact_ungapped_match",0,"H5_HA1(7-327)"
"H5NX","H5","H1 numbering",165,156,"HA1","H5 HA1 156","W","W",TRUE,FALSE,"exact_ungapped_match",0,"H5_HA1(7-327)"
"H5NX","H5","H1 numbering",166,157,"HA1","H5 HA1 157","L","L",TRUE,FALSE,"exact_ungapped_match",0,"H5_HA1(7-327)"
"H5NX","H5","H1 numbering",167,158,"HA1","H5 HA1 158","I","I",TRUE,FALSE,"exact_ungapped_match",0,"H5_HA1(7-327)"
"H5NX","H5","H1 numbering",168,159,"HA1","H5 HA1 159","K","K",TRUE,FALSE,"exact_ungapped_match",0,"H5_HA1(7-327)"
"H5NX","H5","H1 numbering",169,160,"HA1","H5 HA1 160","K","K",TRUE,FALSE,"exact_ungapped_match",0,"H5_HA1(7-327)"
"H5NX","H5","H1 numbering",170,161,"HA1","H5 HA1 161","N","N",TRUE,FALSE,"exact_ungapped_match",0,"H5_HA1(7-327)"
"H5NX","H5","H1 numbering",171,162,"HA1","H5 HA1 162","D","D",TRUE,FALSE,"exact_ungapped_match",0,"H5_HA1(7-327)"
"H5NX","H5","H1 numbering",172,163,"HA1","H5 HA1 163","A","A",TRUE,FALSE,"exact_ungapped_match",0,"H5_HA1(7-327)"
"H5NX","H5","H1 numbering",173,164,"HA1","H5 HA1 164","Y","Y",TRUE,FALSE,"exact_ungapped_match",0,"H5_HA1(7-327)"
"H5NX","H5","H1 numbering",174,165,"HA1","H5 HA1 165","P","P",TRUE,FALSE,"exact_ungapped_match",0,"H5_HA1(7-327)"
"H5NX","H5","H1 numbering",175,166,"HA1","H5 HA1 166","T","T",TRUE,FALSE,"exact_ungapped_match",0,"H5_HA1(7-327)"
"H5NX","H5","H1 numbering",176,167,"HA1","H5 HA1 167","I","I",TRUE,FALSE,"exact_ungapped_match",0,"H5_HA1(7-327)"
"H5NX","H5","H1 numbering",177,168,"HA1","H5 HA1 168","K","K",TRUE,FALSE,"exact_ungapped_match",0,"H5_HA1(7-327)"
"H5NX","H5","H1 numbering",178,169,"HA1","H5 HA1 169","I","I",TRUE,FALSE,"exact_ungapped_match",0,"H5_HA1(7-327)"
"H5NX","H5","H1 numbering",179,170,"HA1","H5 HA1 170","S","S",TRUE,FALSE,"exact_ungapped_match",0,"H5_HA1(7-327)"
"H5NX","H5","H1 numbering",180,171,"HA1","H5 HA1 171","Y","Y",TRUE,FALSE,"exact_ungapped_match",0,"H5_HA1(7-327)"
"H5NX","H5","H1 numbering",181,172,"HA1","H5 HA1 172","N","N",TRUE,FALSE,"exact_ungapped_match",0,"H5_HA1(7-327)"
"H5NX","H5","H1 numbering",182,173,"HA1","H5 HA1 173","N","N",TRUE,FALSE,"exact_ungapped_match",0,"H5_HA1(7-327)"
"H5NX","H5","H1 numbering",183,174,"HA1","H5 HA1 174","T","T",TRUE,FALSE,"exact_ungapped_match",0,"H5_HA1(7-327)"
"H5NX","H5","H1 numbering",184,175,"HA1","H5 HA1 175","N","N",TRUE,FALSE,"exact_ungapped_match",0,"H5_HA1(7-327)"
"H5NX","H5","H1 numbering",185,176,"HA1","H5 HA1 176","R","R",TRUE,FALSE,"exact_ungapped_match",0,"H5_HA1(7-327)"
"H5NX","H5","H1 numbering",186,177,"HA1","H5 HA1 177","E","E",TRUE,FALSE,"exact_ungapped_match",0,"H5_HA1(7-327)"
"H5NX","H5","H1 numbering",187,178,"HA1","H5 HA1 178","D","D",TRUE,FALSE,"exact_ungapped_match",0,"H5_HA1(7-327)"
"H5NX","H5","H1 numbering",188,179,"HA1","H5 HA1 179","L","L",TRUE,FALSE,"exact_ungapped_match",0,"H5_HA1(7-327)"
"H5NX","H5","H1 numbering",189,180,"HA1","H5 HA1 180","L","L",TRUE,FALSE,"exact_ungapped_match",0,"H5_HA1(7-327)"
"H5NX","H5","H1 numbering",190,181,"HA1","H5 HA1 181","I","I",TRUE,FALSE,"exact_ungapped_match",0,"H5_HA1(7-327)"
"H5NX","H5","H1 numbering",191,182,"HA1","H5 HA1 182","L","L",TRUE,FALSE,"exact_ungapped_match",0,"H5_HA1(7-327)"
"H5NX","H5","H1 numbering",192,183,"HA1","H5 HA1 183","W","W",TRUE,FALSE,"exact_ungapped_match",0,"H5_HA1(7-327)"
"H5NX","H5","H1 numbering",193,184,"HA1","H5 HA1 184","G","G",TRUE,FALSE,"exact_ungapped_match",0,"H5_HA1(7-327)"
"H5NX","H5","H1 numbering",194,185,"HA1","H5 HA1 185","I","I",TRUE,FALSE,"exact_ungapped_match",0,"H5_HA1(7-327)"
"H5NX","H5","H1 numbering",195,186,"HA1","H5 HA1 186","H","H",TRUE,FALSE,"exact_ungapped_match",0,"H5_HA1(7-327)"
"H5NX","H5","H1 numbering",196,187,"HA1","H5 HA1 187","H","H",TRUE,FALSE,"exact_ungapped_match",0,"H5_HA1(7-327)"
"H5NX","H5","H1 numbering",197,188,"HA1","H5 HA1 188","S","S",TRUE,FALSE,"exact_ungapped_match",0,"H5_HA1(7-327)"
"H5NX","H5","H1 numbering",198,189,"HA1","H5 HA1 189","N","N",TRUE,FALSE,"exact_ungapped_match",0,"H5_HA1(7-327)"
"H5NX","H5","H1 numbering",199,190,"HA1","H5 HA1 190","N","N",TRUE,FALSE,"exact_ungapped_match",0,"H5_HA1(7-327)"
"H5NX","H5","H1 numbering",200,191,"HA1","H5 HA1 191","A","A",TRUE,FALSE,"exact_ungapped_match",0,"H5_HA1(7-327)"
"H5NX","H5","H1 numbering",201,192,"HA1","H5 HA1 192","E","E",TRUE,FALSE,"exact_ungapped_match",0,"H5_HA1(7-327)"
"H5NX","H5","H1 numbering",202,193,"HA1","H5 HA1 193","E","E",TRUE,FALSE,"exact_ungapped_match",0,"H5_HA1(7-327)"
"H5NX","H5","H1 numbering",203,194,"HA1","H5 HA1 194","Q","Q",TRUE,FALSE,"exact_ungapped_match",0,"H5_HA1(7-327)"
"H5NX","H5","H1 numbering",204,195,"HA1","H5 HA1 195","T","T",TRUE,FALSE,"exact_ungapped_match",0,"H5_HA1(7-327)"
"H5NX","H5","H1 numbering",205,196,"HA1","H5 HA1 196","N","N",TRUE,FALSE,"exact_ungapped_match",0,"H5_HA1(7-327)"
"H5NX","H5","H1 numbering",206,197,"HA1","H5 HA1 197","L","L",TRUE,FALSE,"exact_ungapped_match",0,"H5_HA1(7-327)"
"H5NX","H5","H1 numbering",207,198,"HA1","H5 HA1 198","Y","Y",TRUE,FALSE,"exact_ungapped_match",0,"H5_HA1(7-327)"
"H5NX","H5","H1 numbering",208,199,"HA1","H5 HA1 199","K","K",TRUE,FALSE,"exact_ungapped_match",0,"H5_HA1(7-327)"
"H5NX","H5","H1 numbering",209,200,"HA1","H5 HA1 200","N","N",TRUE,FALSE,"exact_ungapped_match",0,"H5_HA1(7-327)"
"H5NX","H5","H1 numbering",210,201,"HA1","H5 HA1 201","P","P",TRUE,FALSE,"exact_ungapped_match",0,"H5_HA1(7-327)"
"H5NX","H5","H1 numbering",211,202,"HA1","H5 HA1 202","T","T",TRUE,FALSE,"exact_ungapped_match",0,"H5_HA1(7-327)"
"H5NX","H5","H1 numbering",212,203,"HA1","H5 HA1 203","T","T",TRUE,FALSE,"exact_ungapped_match",0,"H5_HA1(7-327)"
"H5NX","H5","H1 numbering",213,204,"HA1","H5 HA1 204","Y","Y",TRUE,FALSE,"exact_ungapped_match",0,"H5_HA1(7-327)"
"H5NX","H5","H1 numbering",214,205,"HA1","H5 HA1 205","I","I",TRUE,FALSE,"exact_ungapped_match",0,"H5_HA1(7-327)"
"H5NX","H5","H1 numbering",215,206,"HA1","H5 HA1 206","S","S",TRUE,FALSE,"exact_ungapped_match",0,"H5_HA1(7-327)"
"H5NX","H5","H1 numbering",216,207,"HA1","H5 HA1 207","V","V",TRUE,FALSE,"exact_ungapped_match",0,"H5_HA1(7-327)"
"H5NX","H5","H1 numbering",217,208,"HA1","H5 HA1 208","G","G",TRUE,FALSE,"exact_ungapped_match",0,"H5_HA1(7-327)"
"H5NX","H5","H1 numbering",218,209,"HA1","H5 HA1 209","T","T",TRUE,FALSE,"exact_ungapped_match",0,"H5_HA1(7-327)"
"H5NX","H5","H1 numbering",219,210,"HA1","H5 HA1 210","S","S",TRUE,FALSE,"exact_ungapped_match",0,"H5_HA1(7-327)"
"H5NX","H5","H1 numbering",220,211,"HA1","H5 HA1 211","T","T",TRUE,FALSE,"exact_ungapped_match",0,"H5_HA1(7-327)"
"H5NX","H5","H1 numbering",221,212,"HA1","H5 HA1 212","L","L",TRUE,FALSE,"exact_ungapped_match",0,"H5_HA1(7-327)"
"H5NX","H5","H1 numbering",222,213,"HA1","H5 HA1 213","N","N",TRUE,FALSE,"exact_ungapped_match",0,"H5_HA1(7-327)"
"H5NX","H5","H1 numbering",223,214,"HA1","H5 HA1 214","Q","Q",TRUE,FALSE,"exact_ungapped_match",0,"H5_HA1(7-327)"
"H5NX","H5","H1 numbering",224,215,"HA1","H5 HA1 215","R","R",TRUE,FALSE,"exact_ungapped_match",0,"H5_HA1(7-327)"
"H5NX","H5","H1 numbering",225,216,"HA1","H5 HA1 216","L","L",TRUE,FALSE,"exact_ungapped_match",0,"H5_HA1(7-327)"
"H5NX","H5","H1 numbering",226,217,"HA1","H5 HA1 217","V","V",TRUE,FALSE,"exact_ungapped_match",0,"H5_HA1(7-327)"
"H5NX","H5","H1 numbering",227,218,"HA1","H5 HA1 218","P","P",TRUE,FALSE,"exact_ungapped_match",0,"H5_HA1(7-327)"
"H5NX","H5","H1 numbering",228,219,"HA1","H5 HA1 219","K","K",TRUE,FALSE,"exact_ungapped_match",0,"H5_HA1(7-327)"
"H5NX","H5","H1 numbering",229,220,"HA1","H5 HA1 220","I","I",TRUE,FALSE,"exact_ungapped_match",0,"H5_HA1(7-327)"
"H5NX","H5","H1 numbering",230,221,"HA1","H5 HA1 221","A","A",TRUE,FALSE,"exact_ungapped_match",0,"H5_HA1(7-327)"
"H5NX","H5","H1 numbering",231,222,"HA1","H5 HA1 222","T","T",TRUE,FALSE,"exact_ungapped_match",0,"H5_HA1(7-327)"
"H5NX","H5","H1 numbering",232,223,"HA1","H5 HA1 223","R","R",TRUE,FALSE,"exact_ungapped_match",0,"H5_HA1(7-327)"
"H5NX","H5","H1 numbering",233,224,"HA1","H5 HA1 224","S","S",TRUE,FALSE,"exact_ungapped_match",0,"H5_HA1(7-327)"
"H5NX","H5","H1 numbering",234,225,"HA1","H5 HA1 225","Q","Q",TRUE,FALSE,"exact_ungapped_match",0,"H5_HA1(7-327)"
"H5NX","H5","H1 numbering",235,226,"HA1","H5 HA1 226","V","V",TRUE,FALSE,"exact_ungapped_match",0,"H5_HA1(7-327)"
"H5NX","H5","H1 numbering",236,227,"HA1","H5 HA1 227","N","N",TRUE,FALSE,"exact_ungapped_match",0,"H5_HA1(7-327)"
"H5NX","H5","H1 numbering",237,228,"HA1","H5 HA1 228","G","G",TRUE,FALSE,"exact_ungapped_match",0,"H5_HA1(7-327)"
"H5NX","H5","H1 numbering",238,229,"HA1","H5 HA1 229","Q","Q",TRUE,FALSE,"exact_ungapped_match",0,"H5_HA1(7-327)"
"H5NX","H5","H1 numbering",239,230,"HA1","H5 HA1 230","R","R",TRUE,FALSE,"exact_ungapped_match",0,"H5_HA1(7-327)"
"H5NX","H5","H1 numbering",240,231,"HA1","H5 HA1 231","G","G",TRUE,FALSE,"exact_ungapped_match",0,"H5_HA1(7-327)"
"H5NX","H5","H1 numbering",241,232,"HA1","H5 HA1 232","R","R",TRUE,FALSE,"exact_ungapped_match",0,"H5_HA1(7-327)"
"H5NX","H5","H1 numbering",242,233,"HA1","H5 HA1 233","M","M",TRUE,FALSE,"exact_ungapped_match",0,"H5_HA1(7-327)"
"H5NX","H5","H1 numbering",243,234,"HA1","H5 HA1 234","D","D",TRUE,FALSE,"exact_ungapped_match",0,"H5_HA1(7-327)"
"H5NX","H5","H1 numbering",244,235,"HA1","H5 HA1 235","F","F",TRUE,FALSE,"exact_ungapped_match",0,"H5_HA1(7-327)"
"H5NX","H5","H1 numbering",245,236,"HA1","H5 HA1 236","F","F",TRUE,FALSE,"exact_ungapped_match",0,"H5_HA1(7-327)"
"H5NX","H5","H1 numbering",246,237,"HA1","H5 HA1 237","W","W",TRUE,FALSE,"exact_ungapped_match",0,"H5_HA1(7-327)"
"H5NX","H5","H1 numbering",247,238,"HA1","H5 HA1 238","T","T",TRUE,FALSE,"exact_ungapped_match",0,"H5_HA1(7-327)"
"H5NX","H5","H1 numbering",248,239,"HA1","H5 HA1 239","I","I",TRUE,FALSE,"exact_ungapped_match",0,"H5_HA1(7-327)"
"H5NX","H5","H1 numbering",249,240,"HA1","H5 HA1 240","L","L",TRUE,FALSE,"exact_ungapped_match",0,"H5_HA1(7-327)"
"H5NX","H5","H1 numbering",250,241,"HA1","H5 HA1 241","K","K",TRUE,FALSE,"exact_ungapped_match",0,"H5_HA1(7-327)"
"H5NX","H5","H1 numbering",251,242,"HA1","H5 HA1 242","P","P",TRUE,FALSE,"exact_ungapped_match",0,"H5_HA1(7-327)"
"H5NX","H5","H1 numbering",252,243,"HA1","H5 HA1 243","D","D",TRUE,FALSE,"exact_ungapped_match",0,"H5_HA1(7-327)"
"H5NX","H5","H1 numbering",253,244,"HA1","H5 HA1 244","D","D",TRUE,FALSE,"exact_ungapped_match",0,"H5_HA1(7-327)"
"H5NX","H5","H1 numbering",254,245,"HA1","H5 HA1 245","A","A",TRUE,FALSE,"exact_ungapped_match",0,"H5_HA1(7-327)"
"H5NX","H5","H1 numbering",255,246,"HA1","H5 HA1 246","I","I",TRUE,FALSE,"exact_ungapped_match",0,"H5_HA1(7-327)"
"H5NX","H5","H1 numbering",256,247,"HA1","H5 HA1 247","H","H",TRUE,FALSE,"exact_ungapped_match",0,"H5_HA1(7-327)"
"H5NX","H5","H1 numbering",257,248,"HA1","H5 HA1 248","F","F",TRUE,FALSE,"exact_ungapped_match",0,"H5_HA1(7-327)"
"H5NX","H5","H1 numbering",258,249,"HA1","H5 HA1 249","E","E",TRUE,FALSE,"exact_ungapped_match",0,"H5_HA1(7-327)"
"H5NX","H5","H1 numbering",259,250,"HA1","H5 HA1 250","S","S",TRUE,FALSE,"exact_ungapped_match",0,"H5_HA1(7-327)"
"H5NX","H5","H1 numbering",260,251,"HA1","H5 HA1 251","N","N",TRUE,FALSE,"exact_ungapped_match",0,"H5_HA1(7-327)"
"H5NX","H5","H1 numbering",261,252,"HA1","H5 HA1 252","G","G",TRUE,FALSE,"exact_ungapped_match",0,"H5_HA1(7-327)"
"H5NX","H5","H1 numbering",262,253,"HA1","H5 HA1 253","N","N",TRUE,FALSE,"exact_ungapped_match",0,"H5_HA1(7-327)"
"H5NX","H5","H1 numbering",263,254,"HA1","H5 HA1 254","F","F",TRUE,FALSE,"exact_ungapped_match",0,"H5_HA1(7-327)"
"H5NX","H5","H1 numbering",264,255,"HA1","H5 HA1 255","I","I",TRUE,FALSE,"exact_ungapped_match",0,"H5_HA1(7-327)"
"H5NX","H5","H1 numbering",265,256,"HA1","H5 HA1 256","A","A",TRUE,FALSE,"exact_ungapped_match",0,"H5_HA1(7-327)"
"H5NX","H5","H1 numbering",266,257,"HA1","H5 HA1 257","P","P",TRUE,FALSE,"exact_ungapped_match",0,"H5_HA1(7-327)"
"H5NX","H5","H1 numbering",267,258,"HA1","H5 HA1 258","E","E",TRUE,FALSE,"exact_ungapped_match",0,"H5_HA1(7-327)"
"H5NX","H5","H1 numbering",268,259,"HA1","H5 HA1 259","Y","Y",TRUE,FALSE,"exact_ungapped_match",0,"H5_HA1(7-327)"
"H5NX","H5","H1 numbering",269,260,"HA1","H5 HA1 260","A","A",TRUE,FALSE,"exact_ungapped_match",0,"H5_HA1(7-327)"
"H5NX","H5","H1 numbering",270,261,"HA1","H5 HA1 261","Y","Y",TRUE,FALSE,"exact_ungapped_match",0,"H5_HA1(7-327)"
"H5NX","H5","H1 numbering",271,262,"HA1","H5 HA1 262","K","K",TRUE,FALSE,"exact_ungapped_match",0,"H5_HA1(7-327)"
"H5NX","H5","H1 numbering",272,263,"HA1","H5 HA1 263","I","I",TRUE,FALSE,"exact_ungapped_match",0,"H5_HA1(7-327)"
"H5NX","H5","H1 numbering",273,264,"HA1","H5 HA1 264","V","V",TRUE,FALSE,"exact_ungapped_match",0,"H5_HA1(7-327)"
"H5NX","H5","H1 numbering",274,265,"HA1","H5 HA1 265","K","K",TRUE,FALSE,"exact_ungapped_match",0,"H5_HA1(7-327)"
"H5NX","H5","H1 numbering",275,266,"HA1","H5 HA1 266","K","K",TRUE,FALSE,"exact_ungapped_match",0,"H5_HA1(7-327)"
"H5NX","H5","H1 numbering",276,267,"HA1","H5 HA1 267","G","G",TRUE,FALSE,"exact_ungapped_match",0,"H5_HA1(7-327)"
"H5NX","H5","H1 numbering",277,268,"HA1","H5 HA1 268","D","D",TRUE,FALSE,"exact_ungapped_match",0,"H5_HA1(7-327)"
"H5NX","H5","H1 numbering",278,269,"HA1","H5 HA1 269","S","S",TRUE,FALSE,"exact_ungapped_match",0,"H5_HA1(7-327)"
"H5NX","H5","H1 numbering",279,270,"HA1","H5 HA1 270","T","T",TRUE,FALSE,"exact_ungapped_match",0,"H5_HA1(7-327)"
"H5NX","H5","H1 numbering",280,271,"HA1","H5 HA1 271","I","I",TRUE,FALSE,"exact_ungapped_match",0,"H5_HA1(7-327)"
"H5NX","H5","H1 numbering",281,272,"HA1","H5 HA1 272","M","M",TRUE,FALSE,"exact_ungapped_match",0,"H5_HA1(7-327)"
"H5NX","H5","H1 numbering",282,273,"HA1","H5 HA1 273","K","K",TRUE,FALSE,"exact_ungapped_match",0,"H5_HA1(7-327)"
"H5NX","H5","H1 numbering",283,274,"HA1","H5 HA1 274","S","S",TRUE,FALSE,"exact_ungapped_match",0,"H5_HA1(7-327)"
"H5NX","H5","H1 numbering",284,275,"HA1","H5 HA1 275","G","G",TRUE,FALSE,"exact_ungapped_match",0,"H5_HA1(7-327)"
"H5NX","H5","H1 numbering",285,276,"HA1","H5 HA1 276","V","V",TRUE,FALSE,"exact_ungapped_match",0,"H5_HA1(7-327)"
"H5NX","H5","H1 numbering",286,277,"HA1","H5 HA1 277","E","E",TRUE,FALSE,"exact_ungapped_match",0,"H5_HA1(7-327)"
"H5NX","H5","H1 numbering",287,278,"HA1","H5 HA1 278","Y","Y",TRUE,FALSE,"exact_ungapped_match",0,"H5_HA1(7-327)"
"H5NX","H5","H1 numbering",288,279,"HA1","H5 HA1 279","G","G",TRUE,FALSE,"exact_ungapped_match",0,"H5_HA1(7-327)"
"H5NX","H5","H1 numbering",289,280,"HA1","H5 HA1 280","H","H",TRUE,FALSE,"exact_ungapped_match",0,"H5_HA1(7-327)"
"H5NX","H5","H1 numbering",290,281,"HA1","H5 HA1 281","C","C",TRUE,FALSE,"exact_ungapped_match",0,"H5_HA1(7-327)"
"H5NX","H5","H1 numbering",291,282,"HA1","H5 HA1 282","N","N",TRUE,FALSE,"exact_ungapped_match",0,"H5_HA1(7-327)"
"H5NX","H5","H1 numbering",292,283,"HA1","H5 HA1 283","T","T",TRUE,FALSE,"exact_ungapped_match",0,"H5_HA1(7-327)"
"H5NX","H5","H1 numbering",293,284,"HA1","H5 HA1 284","K","K",TRUE,FALSE,"exact_ungapped_match",0,"H5_HA1(7-327)"
"H5NX","H5","H1 numbering",294,285,"HA1","H5 HA1 285","C","C",TRUE,FALSE,"exact_ungapped_match",0,"H5_HA1(7-327)"
"H5NX","H5","H1 numbering",295,286,"HA1","H5 HA1 286","Q","Q",TRUE,FALSE,"exact_ungapped_match",0,"H5_HA1(7-327)"
"H5NX","H5","H1 numbering",296,287,"HA1","H5 HA1 287","T","T",TRUE,FALSE,"exact_ungapped_match",0,"H5_HA1(7-327)"
"H5NX","H5","H1 numbering",297,288,"HA1","H5 HA1 288","P","P",TRUE,FALSE,"exact_ungapped_match",0,"H5_HA1(7-327)"
"H5NX","H5","H1 numbering",298,289,"HA1","H5 HA1 289","V","V",TRUE,FALSE,"exact_ungapped_match",0,"H5_HA1(7-327)"
"H5NX","H5","H1 numbering",299,290,"HA1","H5 HA1 290","G","G",TRUE,FALSE,"exact_ungapped_match",0,"H5_HA1(7-327)"
"H5NX","H5","H1 numbering",300,291,"HA1","H5 HA1 291","A","A",TRUE,FALSE,"exact_ungapped_match",0,"H5_HA1(7-327)"
"H5NX","H5","H1 numbering",301,292,"HA1","H5 HA1 292","I","I",TRUE,FALSE,"exact_ungapped_match",0,"H5_HA1(7-327)"
"H5NX","H5","H1 numbering",302,293,"HA1","H5 HA1 293","N","N",TRUE,FALSE,"exact_ungapped_match",0,"H5_HA1(7-327)"
"H5NX","H5","H1 numbering",303,294,"HA1","H5 HA1 294","S","S",TRUE,FALSE,"exact_ungapped_match",0,"H5_HA1(7-327)"
"H5NX","H5","H1 numbering",304,295,"HA1","H5 HA1 295","S","S",TRUE,FALSE,"exact_ungapped_match",0,"H5_HA1(7-327)"
"H5NX","H5","H1 numbering",305,296,"HA1","H5 HA1 296","M","M",TRUE,FALSE,"exact_ungapped_match",0,"H5_HA1(7-327)"
"H5NX","H5","H1 numbering",306,297,"HA1","H5 HA1 297","P","P",TRUE,FALSE,"exact_ungapped_match",0,"H5_HA1(7-327)"
"H5NX","H5","H1 numbering",307,298,"HA1","H5 HA1 298","F","F",TRUE,FALSE,"exact_ungapped_match",0,"H5_HA1(7-327)"
"H5NX","H5","H1 numbering",308,299,"HA1","H5 HA1 299","H","H",TRUE,FALSE,"exact_ungapped_match",0,"H5_HA1(7-327)"
"H5NX","H5","H1 numbering",309,300,"HA1","H5 HA1 300","N","N",TRUE,FALSE,"exact_ungapped_match",0,"H5_HA1(7-327)"
"H5NX","H5","H1 numbering",310,301,"HA1","H5 HA1 301","I","I",TRUE,FALSE,"exact_ungapped_match",0,"H5_HA1(7-327)"
"H5NX","H5","H1 numbering",311,302,"HA1","H5 HA1 302","H","H",TRUE,FALSE,"exact_ungapped_match",0,"H5_HA1(7-327)"
"H5NX","H5","H1 numbering",312,303,"HA1","H5 HA1 303","P","P",TRUE,FALSE,"exact_ungapped_match",0,"H5_HA1(7-327)"
"H5NX","H5","H1 numbering",313,304,"HA1","H5 HA1 304","L","L",TRUE,FALSE,"exact_ungapped_match",0,"H5_HA1(7-327)"
"H5NX","H5","H1 numbering",314,305,"HA1","H5 HA1 305","T","T",TRUE,FALSE,"exact_ungapped_match",0,"H5_HA1(7-327)"
"H5NX","H5","H1 numbering",315,306,"HA1","H5 HA1 306","I","I",TRUE,FALSE,"exact_ungapped_match",0,"H5_HA1(7-327)"
"H5NX","H5","H1 numbering",316,307,"HA1","H5 HA1 307","G","G",TRUE,FALSE,"exact_ungapped_match",0,"H5_HA1(7-327)"
"H5NX","H5","H1 numbering",317,308,"HA1","H5 HA1 308","E","E",TRUE,FALSE,"exact_ungapped_match",0,"H5_HA1(7-327)"
"H5NX","H5","H1 numbering",318,309,"HA1","H5 HA1 309","C","C",TRUE,FALSE,"exact_ungapped_match",0,"H5_HA1(7-327)"
"H5NX","H5","H1 numbering",319,310,"HA1","H5 HA1 310","P","P",TRUE,FALSE,"exact_ungapped_match",0,"H5_HA1(7-327)"
"H5NX","H5","H1 numbering",320,311,"HA1","H5 HA1 311","K","K",TRUE,FALSE,"exact_ungapped_match",0,"H5_HA1(7-327)"
"H5NX","H5","H1 numbering",321,312,"HA1","H5 HA1 312","Y","Y",TRUE,FALSE,"exact_ungapped_match",0,"H5_HA1(7-327)"
"H5NX","H5","H1 numbering",322,313,"HA1","H5 HA1 313","V","V",TRUE,FALSE,"exact_ungapped_match",0,"H5_HA1(7-327)"
"H5NX","H5","H1 numbering",323,314,"HA1","H5 HA1 314","K","K",TRUE,FALSE,"exact_ungapped_match",0,"H5_HA1(7-327)"
"H5NX","H5","H1 numbering",324,315,"HA1","H5 HA1 315","S","S",TRUE,FALSE,"exact_ungapped_match",0,"H5_HA1(7-327)"
"H5NX","H5","H1 numbering",325,316,"HA1","H5 HA1 316","N","N",TRUE,FALSE,"exact_ungapped_match",0,"H5_HA1(7-327)"
"H5NX","H5","H1 numbering",326,317,"HA1","H5 HA1 317","K","K",TRUE,FALSE,"exact_ungapped_match",0,"H5_HA1(7-327)"
"H5NX","H5","H1 numbering",327,318,"HA1","H5 HA1 318","L","L",TRUE,FALSE,"exact_ungapped_match",0,"H5_HA1(7-327)"
"H5NX","H5","H1 numbering",328,319,"HA1","H5 HA1 319","V","V",TRUE,FALSE,"exact_ungapped_match",0,"H5_HA1(7-327)"
"H5NX","H5","H1 numbering",329,320,"HA1","H5 HA1 320","L","L",TRUE,FALSE,"exact_ungapped_match",0,"H5_HA1(7-327)"
"H5NX","H5","H1 numbering",330,321,"HA1","H5 HA1 321","A","A",TRUE,FALSE,"exact_ungapped_match",0,"H5_HA1(7-327)"
"H5NX","H5","H1 numbering",331,322,"HA1","H5 HA1 322","T","T",TRUE,FALSE,"exact_ungapped_match",0,"H5_HA1(7-327)"
"H5NX","H5","H1 numbering",332,323,"HA1","H5 HA1 323","G","G",TRUE,FALSE,"exact_ungapped_match",0,"H5_HA1(7-327)"
"H5NX","H5","H1 numbering",333,324,"HA1","H5 HA1 324","L","L",TRUE,FALSE,"exact_ungapped_match",0,"H5_HA1(7-327)"
"H5NX","H5","H1 numbering",334,325,"HA1","H5 HA1 325","R","R",TRUE,FALSE,"exact_ungapped_match",0,"H5_HA1(7-327)"
"H5NX","H5","H1 numbering",335,326,"HA1","H5 HA1 326","N","N",TRUE,FALSE,"exact_ungapped_match",0,"H5_HA1(7-327)"
"H5NX","H5","H1 numbering",336,327,"HA1","H5 HA1 327","S","S",TRUE,FALSE,"exact_ungapped_match",0,"H5_HA1(7-327)"
"H5NX","H5","H1 numbering",347,1,"HA2","H5 HA2 1","G","G",TRUE,FALSE,"exact_ungapped_match",0,"H5_HA2(1-162)"
"H5NX","H5","H1 numbering",348,2,"HA2","H5 HA2 2","L","L",TRUE,FALSE,"exact_ungapped_match",0,"H5_HA2(1-162)"
"H5NX","H5","H1 numbering",349,3,"HA2","H5 HA2 3","F","F",TRUE,FALSE,"exact_ungapped_match",0,"H5_HA2(1-162)"
"H5NX","H5","H1 numbering",350,4,"HA2","H5 HA2 4","G","G",TRUE,FALSE,"exact_ungapped_match",0,"H5_HA2(1-162)"
"H5NX","H5","H1 numbering",351,5,"HA2","H5 HA2 5","A","A",TRUE,FALSE,"exact_ungapped_match",0,"H5_HA2(1-162)"
"H5NX","H5","H1 numbering",352,6,"HA2","H5 HA2 6","I","I",TRUE,FALSE,"exact_ungapped_match",0,"H5_HA2(1-162)"
"H5NX","H5","H1 numbering",353,7,"HA2","H5 HA2 7","A","A",TRUE,FALSE,"exact_ungapped_match",0,"H5_HA2(1-162)"
"H5NX","H5","H1 numbering",354,8,"HA2","H5 HA2 8","G","G",TRUE,FALSE,"exact_ungapped_match",0,"H5_HA2(1-162)"
"H5NX","H5","H1 numbering",355,9,"HA2","H5 HA2 9","F","F",TRUE,FALSE,"exact_ungapped_match",0,"H5_HA2(1-162)"
"H5NX","H5","H1 numbering",356,10,"HA2","H5 HA2 10","I","I",TRUE,FALSE,"exact_ungapped_match",0,"H5_HA2(1-162)"
"H5NX","H5","H1 numbering",357,11,"HA2","H5 HA2 11","E","E",TRUE,FALSE,"exact_ungapped_match",0,"H5_HA2(1-162)"
"H5NX","H5","H1 numbering",358,12,"HA2","H5 HA2 12","G","G",TRUE,FALSE,"exact_ungapped_match",0,"H5_HA2(1-162)"
"H5NX","H5","H1 numbering",359,13,"HA2","H5 HA2 13","G","G",TRUE,FALSE,"exact_ungapped_match",0,"H5_HA2(1-162)"
"H5NX","H5","H1 numbering",360,14,"HA2","H5 HA2 14","W","W",TRUE,FALSE,"exact_ungapped_match",0,"H5_HA2(1-162)"
"H5NX","H5","H1 numbering",361,15,"HA2","H5 HA2 15","Q","Q",TRUE,FALSE,"exact_ungapped_match",0,"H5_HA2(1-162)"
"H5NX","H5","H1 numbering",362,16,"HA2","H5 HA2 16","G","G",TRUE,FALSE,"exact_ungapped_match",0,"H5_HA2(1-162)"
"H5NX","H5","H1 numbering",363,17,"HA2","H5 HA2 17","M","M",TRUE,FALSE,"exact_ungapped_match",0,"H5_HA2(1-162)"
"H5NX","H5","H1 numbering",364,18,"HA2","H5 HA2 18","V","V",TRUE,FALSE,"exact_ungapped_match",0,"H5_HA2(1-162)"
"H5NX","H5","H1 numbering",365,19,"HA2","H5 HA2 19","D","D",TRUE,FALSE,"exact_ungapped_match",0,"H5_HA2(1-162)"
"H5NX","H5","H1 numbering",366,20,"HA2","H5 HA2 20","G","G",TRUE,FALSE,"exact_ungapped_match",0,"H5_HA2(1-162)"
"H5NX","H5","H1 numbering",367,21,"HA2","H5 HA2 21","W","W",TRUE,FALSE,"exact_ungapped_match",0,"H5_HA2(1-162)"
"H5NX","H5","H1 numbering",368,22,"HA2","H5 HA2 22","Y","Y",TRUE,FALSE,"exact_ungapped_match",0,"H5_HA2(1-162)"
"H5NX","H5","H1 numbering",369,23,"HA2","H5 HA2 23","G","G",TRUE,FALSE,"exact_ungapped_match",0,"H5_HA2(1-162)"
"H5NX","H5","H1 numbering",370,24,"HA2","H5 HA2 24","Y","Y",TRUE,FALSE,"exact_ungapped_match",0,"H5_HA2(1-162)"
"H5NX","H5","H1 numbering",371,25,"HA2","H5 HA2 25","H","H",TRUE,FALSE,"exact_ungapped_match",0,"H5_HA2(1-162)"
"H5NX","H5","H1 numbering",372,26,"HA2","H5 HA2 26","H","H",TRUE,FALSE,"exact_ungapped_match",0,"H5_HA2(1-162)"
"H5NX","H5","H1 numbering",373,27,"HA2","H5 HA2 27","S","S",TRUE,FALSE,"exact_ungapped_match",0,"H5_HA2(1-162)"
"H5NX","H5","H1 numbering",374,28,"HA2","H5 HA2 28","N","N",TRUE,FALSE,"exact_ungapped_match",0,"H5_HA2(1-162)"
"H5NX","H5","H1 numbering",375,29,"HA2","H5 HA2 29","E","E",TRUE,FALSE,"exact_ungapped_match",0,"H5_HA2(1-162)"
"H5NX","H5","H1 numbering",376,30,"HA2","H5 HA2 30","Q","Q",TRUE,FALSE,"exact_ungapped_match",0,"H5_HA2(1-162)"
"H5NX","H5","H1 numbering",377,31,"HA2","H5 HA2 31","G","G",TRUE,FALSE,"exact_ungapped_match",0,"H5_HA2(1-162)"
"H5NX","H5","H1 numbering",378,32,"HA2","H5 HA2 32","S","S",TRUE,FALSE,"exact_ungapped_match",0,"H5_HA2(1-162)"
"H5NX","H5","H1 numbering",379,33,"HA2","H5 HA2 33","G","G",TRUE,FALSE,"exact_ungapped_match",0,"H5_HA2(1-162)"
"H5NX","H5","H1 numbering",380,34,"HA2","H5 HA2 34","Y","Y",TRUE,FALSE,"exact_ungapped_match",0,"H5_HA2(1-162)"
"H5NX","H5","H1 numbering",381,35,"HA2","H5 HA2 35","A","A",TRUE,FALSE,"exact_ungapped_match",0,"H5_HA2(1-162)"
"H5NX","H5","H1 numbering",382,36,"HA2","H5 HA2 36","A","A",TRUE,FALSE,"exact_ungapped_match",0,"H5_HA2(1-162)"
"H5NX","H5","H1 numbering",383,37,"HA2","H5 HA2 37","D","D",TRUE,FALSE,"exact_ungapped_match",0,"H5_HA2(1-162)"
"H5NX","H5","H1 numbering",384,38,"HA2","H5 HA2 38","K","K",TRUE,FALSE,"exact_ungapped_match",0,"H5_HA2(1-162)"
"H5NX","H5","H1 numbering",385,39,"HA2","H5 HA2 39","E","E",TRUE,FALSE,"exact_ungapped_match",0,"H5_HA2(1-162)"
"H5NX","H5","H1 numbering",386,40,"HA2","H5 HA2 40","S","S",TRUE,FALSE,"exact_ungapped_match",0,"H5_HA2(1-162)"
"H5NX","H5","H1 numbering",387,41,"HA2","H5 HA2 41","T","T",TRUE,FALSE,"exact_ungapped_match",0,"H5_HA2(1-162)"
"H5NX","H5","H1 numbering",388,42,"HA2","H5 HA2 42","Q","Q",TRUE,FALSE,"exact_ungapped_match",0,"H5_HA2(1-162)"
"H5NX","H5","H1 numbering",389,43,"HA2","H5 HA2 43","K","K",TRUE,FALSE,"exact_ungapped_match",0,"H5_HA2(1-162)"
"H5NX","H5","H1 numbering",390,44,"HA2","H5 HA2 44","A","A",TRUE,FALSE,"exact_ungapped_match",0,"H5_HA2(1-162)"
"H5NX","H5","H1 numbering",391,45,"HA2","H5 HA2 45","I","I",TRUE,FALSE,"exact_ungapped_match",0,"H5_HA2(1-162)"
"H5NX","H5","H1 numbering",392,46,"HA2","H5 HA2 46","D","D",TRUE,FALSE,"exact_ungapped_match",0,"H5_HA2(1-162)"
"H5NX","H5","H1 numbering",393,47,"HA2","H5 HA2 47","G","G",TRUE,FALSE,"exact_ungapped_match",0,"H5_HA2(1-162)"
"H5NX","H5","H1 numbering",394,48,"HA2","H5 HA2 48","V","V",TRUE,FALSE,"exact_ungapped_match",0,"H5_HA2(1-162)"
"H5NX","H5","H1 numbering",395,49,"HA2","H5 HA2 49","T","T",TRUE,FALSE,"exact_ungapped_match",0,"H5_HA2(1-162)"
"H5NX","H5","H1 numbering",396,50,"HA2","H5 HA2 50","N","N",TRUE,FALSE,"exact_ungapped_match",0,"H5_HA2(1-162)"
"H5NX","H5","H1 numbering",397,51,"HA2","H5 HA2 51","K","K",TRUE,FALSE,"exact_ungapped_match",0,"H5_HA2(1-162)"
"H5NX","H5","H1 numbering",398,52,"HA2","H5 HA2 52","V","V",TRUE,FALSE,"exact_ungapped_match",0,"H5_HA2(1-162)"
"H5NX","H5","H1 numbering",399,53,"HA2","H5 HA2 53","N","N",TRUE,FALSE,"exact_ungapped_match",0,"H5_HA2(1-162)"
"H5NX","H5","H1 numbering",400,54,"HA2","H5 HA2 54","S","S",TRUE,FALSE,"exact_ungapped_match",0,"H5_HA2(1-162)"
"H5NX","H5","H1 numbering",401,55,"HA2","H5 HA2 55","I","I",TRUE,FALSE,"exact_ungapped_match",0,"H5_HA2(1-162)"
"H5NX","H5","H1 numbering",402,56,"HA2","H5 HA2 56","I","I",TRUE,FALSE,"exact_ungapped_match",0,"H5_HA2(1-162)"
"H5NX","H5","H1 numbering",403,57,"HA2","H5 HA2 57","D","D",TRUE,FALSE,"exact_ungapped_match",0,"H5_HA2(1-162)"
"H5NX","H5","H1 numbering",404,58,"HA2","H5 HA2 58","K","K",TRUE,FALSE,"exact_ungapped_match",0,"H5_HA2(1-162)"
"H5NX","H5","H1 numbering",405,59,"HA2","H5 HA2 59","M","M",TRUE,FALSE,"exact_ungapped_match",0,"H5_HA2(1-162)"
"H5NX","H5","H1 numbering",406,60,"HA2","H5 HA2 60","N","N",TRUE,FALSE,"exact_ungapped_match",0,"H5_HA2(1-162)"
"H5NX","H5","H1 numbering",407,61,"HA2","H5 HA2 61","T","T",TRUE,FALSE,"exact_ungapped_match",0,"H5_HA2(1-162)"
"H5NX","H5","H1 numbering",408,62,"HA2","H5 HA2 62","Q","Q",TRUE,FALSE,"exact_ungapped_match",0,"H5_HA2(1-162)"
"H5NX","H5","H1 numbering",409,63,"HA2","H5 HA2 63","F","F",TRUE,FALSE,"exact_ungapped_match",0,"H5_HA2(1-162)"
"H5NX","H5","H1 numbering",410,64,"HA2","H5 HA2 64","E","E",TRUE,FALSE,"exact_ungapped_match",0,"H5_HA2(1-162)"
"H5NX","H5","H1 numbering",411,65,"HA2","H5 HA2 65","A","A",TRUE,FALSE,"exact_ungapped_match",0,"H5_HA2(1-162)"
"H5NX","H5","H1 numbering",412,66,"HA2","H5 HA2 66","V","V",TRUE,FALSE,"exact_ungapped_match",0,"H5_HA2(1-162)"
"H5NX","H5","H1 numbering",413,67,"HA2","H5 HA2 67","G","G",TRUE,FALSE,"exact_ungapped_match",0,"H5_HA2(1-162)"
"H5NX","H5","H1 numbering",414,68,"HA2","H5 HA2 68","R","R",TRUE,FALSE,"exact_ungapped_match",0,"H5_HA2(1-162)"
"H5NX","H5","H1 numbering",415,69,"HA2","H5 HA2 69","E","E",TRUE,FALSE,"exact_ungapped_match",0,"H5_HA2(1-162)"
"H5NX","H5","H1 numbering",416,70,"HA2","H5 HA2 70","F","F",TRUE,FALSE,"exact_ungapped_match",0,"H5_HA2(1-162)"
"H5NX","H5","H1 numbering",417,71,"HA2","H5 HA2 71","N","N",TRUE,FALSE,"exact_ungapped_match",0,"H5_HA2(1-162)"
"H5NX","H5","H1 numbering",418,72,"HA2","H5 HA2 72","N","N",TRUE,FALSE,"exact_ungapped_match",0,"H5_HA2(1-162)"
"H5NX","H5","H1 numbering",419,73,"HA2","H5 HA2 73","L","L",TRUE,FALSE,"exact_ungapped_match",0,"H5_HA2(1-162)"
"H5NX","H5","H1 numbering",420,74,"HA2","H5 HA2 74","E","E",TRUE,FALSE,"exact_ungapped_match",0,"H5_HA2(1-162)"
"H5NX","H5","H1 numbering",421,75,"HA2","H5 HA2 75","R","R",TRUE,FALSE,"exact_ungapped_match",0,"H5_HA2(1-162)"
"H5NX","H5","H1 numbering",422,76,"HA2","H5 HA2 76","R","R",TRUE,FALSE,"exact_ungapped_match",0,"H5_HA2(1-162)"
"H5NX","H5","H1 numbering",423,77,"HA2","H5 HA2 77","I","I",TRUE,FALSE,"exact_ungapped_match",0,"H5_HA2(1-162)"
"H5NX","H5","H1 numbering",424,78,"HA2","H5 HA2 78","E","E",TRUE,FALSE,"exact_ungapped_match",0,"H5_HA2(1-162)"
"H5NX","H5","H1 numbering",425,79,"HA2","H5 HA2 79","N","N",TRUE,FALSE,"exact_ungapped_match",0,"H5_HA2(1-162)"
"H5NX","H5","H1 numbering",426,80,"HA2","H5 HA2 80","L","L",TRUE,FALSE,"exact_ungapped_match",0,"H5_HA2(1-162)"
"H5NX","H5","H1 numbering",427,81,"HA2","H5 HA2 81","N","N",TRUE,FALSE,"exact_ungapped_match",0,"H5_HA2(1-162)"
"H5NX","H5","H1 numbering",428,82,"HA2","H5 HA2 82","K","K",TRUE,FALSE,"exact_ungapped_match",0,"H5_HA2(1-162)"
"H5NX","H5","H1 numbering",429,83,"HA2","H5 HA2 83","K","K",TRUE,FALSE,"exact_ungapped_match",0,"H5_HA2(1-162)"
"H5NX","H5","H1 numbering",430,84,"HA2","H5 HA2 84","M","M",TRUE,FALSE,"exact_ungapped_match",0,"H5_HA2(1-162)"
"H5NX","H5","H1 numbering",431,85,"HA2","H5 HA2 85","E","E",TRUE,FALSE,"exact_ungapped_match",0,"H5_HA2(1-162)"
"H5NX","H5","H1 numbering",432,86,"HA2","H5 HA2 86","D","D",TRUE,FALSE,"exact_ungapped_match",0,"H5_HA2(1-162)"
"H5NX","H5","H1 numbering",433,87,"HA2","H5 HA2 87","G","G",TRUE,FALSE,"exact_ungapped_match",0,"H5_HA2(1-162)"
"H5NX","H5","H1 numbering",434,88,"HA2","H5 HA2 88","F","F",TRUE,FALSE,"exact_ungapped_match",0,"H5_HA2(1-162)"
"H5NX","H5","H1 numbering",435,89,"HA2","H5 HA2 89","L","L",TRUE,FALSE,"exact_ungapped_match",0,"H5_HA2(1-162)"
"H5NX","H5","H1 numbering",436,90,"HA2","H5 HA2 90","D","D",TRUE,FALSE,"exact_ungapped_match",0,"H5_HA2(1-162)"
"H5NX","H5","H1 numbering",437,91,"HA2","H5 HA2 91","V","V",TRUE,FALSE,"exact_ungapped_match",0,"H5_HA2(1-162)"
"H5NX","H5","H1 numbering",438,92,"HA2","H5 HA2 92","W","W",TRUE,FALSE,"exact_ungapped_match",0,"H5_HA2(1-162)"
"H5NX","H5","H1 numbering",439,93,"HA2","H5 HA2 93","T","T",TRUE,FALSE,"exact_ungapped_match",0,"H5_HA2(1-162)"
"H5NX","H5","H1 numbering",440,94,"HA2","H5 HA2 94","Y","Y",TRUE,FALSE,"exact_ungapped_match",0,"H5_HA2(1-162)"
"H5NX","H5","H1 numbering",441,95,"HA2","H5 HA2 95","N","N",TRUE,FALSE,"exact_ungapped_match",0,"H5_HA2(1-162)"
"H5NX","H5","H1 numbering",442,96,"HA2","H5 HA2 96","A","A",TRUE,FALSE,"exact_ungapped_match",0,"H5_HA2(1-162)"
"H5NX","H5","H1 numbering",443,97,"HA2","H5 HA2 97","E","E",TRUE,FALSE,"exact_ungapped_match",0,"H5_HA2(1-162)"
"H5NX","H5","H1 numbering",444,98,"HA2","H5 HA2 98","L","L",TRUE,FALSE,"exact_ungapped_match",0,"H5_HA2(1-162)"
"H5NX","H5","H1 numbering",445,99,"HA2","H5 HA2 99","L","L",TRUE,FALSE,"exact_ungapped_match",0,"H5_HA2(1-162)"
"H5NX","H5","H1 numbering",446,100,"HA2","H5 HA2 100","V","V",TRUE,FALSE,"exact_ungapped_match",0,"H5_HA2(1-162)"
"H5NX","H5","H1 numbering",447,101,"HA2","H5 HA2 101","L","L",TRUE,FALSE,"exact_ungapped_match",0,"H5_HA2(1-162)"
"H5NX","H5","H1 numbering",448,102,"HA2","H5 HA2 102","M","M",TRUE,FALSE,"exact_ungapped_match",0,"H5_HA2(1-162)"
"H5NX","H5","H1 numbering",449,103,"HA2","H5 HA2 103","E","E",TRUE,FALSE,"exact_ungapped_match",0,"H5_HA2(1-162)"
"H5NX","H5","H1 numbering",450,104,"HA2","H5 HA2 104","N","N",TRUE,FALSE,"exact_ungapped_match",0,"H5_HA2(1-162)"
"H5NX","H5","H1 numbering",451,105,"HA2","H5 HA2 105","E","E",TRUE,FALSE,"exact_ungapped_match",0,"H5_HA2(1-162)"
"H5NX","H5","H1 numbering",452,106,"HA2","H5 HA2 106","R","R",TRUE,FALSE,"exact_ungapped_match",0,"H5_HA2(1-162)"
"H5NX","H5","H1 numbering",453,107,"HA2","H5 HA2 107","T","T",TRUE,FALSE,"exact_ungapped_match",0,"H5_HA2(1-162)"
"H5NX","H5","H1 numbering",454,108,"HA2","H5 HA2 108","L","L",TRUE,FALSE,"exact_ungapped_match",0,"H5_HA2(1-162)"
"H5NX","H5","H1 numbering",455,109,"HA2","H5 HA2 109","D","D",TRUE,FALSE,"exact_ungapped_match",0,"H5_HA2(1-162)"
"H5NX","H5","H1 numbering",456,110,"HA2","H5 HA2 110","F","F",TRUE,FALSE,"exact_ungapped_match",0,"H5_HA2(1-162)"
"H5NX","H5","H1 numbering",457,111,"HA2","H5 HA2 111","H","H",TRUE,FALSE,"exact_ungapped_match",0,"H5_HA2(1-162)"
"H5NX","H5","H1 numbering",458,112,"HA2","H5 HA2 112","D","D",TRUE,FALSE,"exact_ungapped_match",0,"H5_HA2(1-162)"
"H5NX","H5","H1 numbering",459,113,"HA2","H5 HA2 113","S","S",TRUE,FALSE,"exact_ungapped_match",0,"H5_HA2(1-162)"
"H5NX","H5","H1 numbering",460,114,"HA2","H5 HA2 114","N","N",TRUE,FALSE,"exact_ungapped_match",0,"H5_HA2(1-162)"
"H5NX","H5","H1 numbering",461,115,"HA2","H5 HA2 115","V","V",TRUE,FALSE,"exact_ungapped_match",0,"H5_HA2(1-162)"
"H5NX","H5","H1 numbering",462,116,"HA2","H5 HA2 116","K","K",TRUE,FALSE,"exact_ungapped_match",0,"H5_HA2(1-162)"
"H5NX","H5","H1 numbering",463,117,"HA2","H5 HA2 117","N","N",TRUE,FALSE,"exact_ungapped_match",0,"H5_HA2(1-162)"
"H5NX","H5","H1 numbering",464,118,"HA2","H5 HA2 118","L","L",TRUE,FALSE,"exact_ungapped_match",0,"H5_HA2(1-162)"
"H5NX","H5","H1 numbering",465,119,"HA2","H5 HA2 119","Y","Y",TRUE,FALSE,"exact_ungapped_match",0,"H5_HA2(1-162)"
"H5NX","H5","H1 numbering",466,120,"HA2","H5 HA2 120","D","D",TRUE,FALSE,"exact_ungapped_match",0,"H5_HA2(1-162)"
"H5NX","H5","H1 numbering",467,121,"HA2","H5 HA2 121","K","K",TRUE,FALSE,"exact_ungapped_match",0,"H5_HA2(1-162)"
"H5NX","H5","H1 numbering",468,122,"HA2","H5 HA2 122","V","V",TRUE,FALSE,"exact_ungapped_match",0,"H5_HA2(1-162)"
"H5NX","H5","H1 numbering",469,123,"HA2","H5 HA2 123","R","R",TRUE,FALSE,"exact_ungapped_match",0,"H5_HA2(1-162)"
"H5NX","H5","H1 numbering",470,124,"HA2","H5 HA2 124","L","L",TRUE,FALSE,"exact_ungapped_match",0,"H5_HA2(1-162)"
"H5NX","H5","H1 numbering",471,125,"HA2","H5 HA2 125","Q","Q",TRUE,FALSE,"exact_ungapped_match",0,"H5_HA2(1-162)"
"H5NX","H5","H1 numbering",472,126,"HA2","H5 HA2 126","L","L",TRUE,FALSE,"exact_ungapped_match",0,"H5_HA2(1-162)"
"H5NX","H5","H1 numbering",473,127,"HA2","H5 HA2 127","R","R",TRUE,FALSE,"exact_ungapped_match",0,"H5_HA2(1-162)"
"H5NX","H5","H1 numbering",474,128,"HA2","H5 HA2 128","D","D",TRUE,FALSE,"exact_ungapped_match",0,"H5_HA2(1-162)"
"H5NX","H5","H1 numbering",475,129,"HA2","H5 HA2 129","N","N",TRUE,FALSE,"exact_ungapped_match",0,"H5_HA2(1-162)"
"H5NX","H5","H1 numbering",476,130,"HA2","H5 HA2 130","A","A",TRUE,FALSE,"exact_ungapped_match",0,"H5_HA2(1-162)"
"H5NX","H5","H1 numbering",477,131,"HA2","H5 HA2 131","K","K",TRUE,FALSE,"exact_ungapped_match",0,"H5_HA2(1-162)"
"H5NX","H5","H1 numbering",478,132,"HA2","H5 HA2 132","E","E",TRUE,FALSE,"exact_ungapped_match",0,"H5_HA2(1-162)"
"H5NX","H5","H1 numbering",479,133,"HA2","H5 HA2 133","L","L",TRUE,FALSE,"exact_ungapped_match",0,"H5_HA2(1-162)"
"H5NX","H5","H1 numbering",480,134,"HA2","H5 HA2 134","G","G",TRUE,FALSE,"exact_ungapped_match",0,"H5_HA2(1-162)"
"H5NX","H5","H1 numbering",481,135,"HA2","H5 HA2 135","N","N",TRUE,FALSE,"exact_ungapped_match",0,"H5_HA2(1-162)"
"H5NX","H5","H1 numbering",482,136,"HA2","H5 HA2 136","G","G",TRUE,FALSE,"exact_ungapped_match",0,"H5_HA2(1-162)"
"H5NX","H5","H1 numbering",483,137,"HA2","H5 HA2 137","C","C",TRUE,FALSE,"exact_ungapped_match",0,"H5_HA2(1-162)"
"H5NX","H5","H1 numbering",484,138,"HA2","H5 HA2 138","F","F",TRUE,FALSE,"exact_ungapped_match",0,"H5_HA2(1-162)"
"H5NX","H5","H1 numbering",485,139,"HA2","H5 HA2 139","E","E",TRUE,FALSE,"exact_ungapped_match",0,"H5_HA2(1-162)"
"H5NX","H5","H1 numbering",486,140,"HA2","H5 HA2 140","F","F",TRUE,FALSE,"exact_ungapped_match",0,"H5_HA2(1-162)"
"H5NX","H5","H1 numbering",487,141,"HA2","H5 HA2 141","Y","Y",TRUE,FALSE,"exact_ungapped_match",0,"H5_HA2(1-162)"
"H5NX","H5","H1 numbering",488,142,"HA2","H5 HA2 142","H","H",TRUE,FALSE,"exact_ungapped_match",0,"H5_HA2(1-162)"
"H5NX","H5","H1 numbering",489,143,"HA2","H5 HA2 143","K","K",TRUE,FALSE,"exact_ungapped_match",0,"H5_HA2(1-162)"
"H5NX","H5","H1 numbering",490,144,"HA2","H5 HA2 144","C","C",TRUE,FALSE,"exact_ungapped_match",0,"H5_HA2(1-162)"
"H5NX","H5","H1 numbering",491,145,"HA2","H5 HA2 145","D","D",TRUE,FALSE,"exact_ungapped_match",0,"H5_HA2(1-162)"
"H5NX","H5","H1 numbering",492,146,"HA2","H5 HA2 146","N","N",TRUE,FALSE,"exact_ungapped_match",0,"H5_HA2(1-162)"
"H5NX","H5","H1 numbering",493,147,"HA2","H5 HA2 147","E","E",TRUE,FALSE,"exact_ungapped_match",0,"H5_HA2(1-162)"
"H5NX","H5","H1 numbering",494,148,"HA2","H5 HA2 148","C","C",TRUE,FALSE,"exact_ungapped_match",0,"H5_HA2(1-162)"
"H5NX","H5","H1 numbering",495,149,"HA2","H5 HA2 149","M","M",TRUE,FALSE,"exact_ungapped_match",0,"H5_HA2(1-162)"
"H5NX","H5","H1 numbering",496,150,"HA2","H5 HA2 150","E","E",TRUE,FALSE,"exact_ungapped_match",0,"H5_HA2(1-162)"
"H5NX","H5","H1 numbering",497,151,"HA2","H5 HA2 151","S","S",TRUE,FALSE,"exact_ungapped_match",0,"H5_HA2(1-162)"
"H5NX","H5","H1 numbering",498,152,"HA2","H5 HA2 152","V","V",TRUE,FALSE,"exact_ungapped_match",0,"H5_HA2(1-162)"
"H5NX","H5","H1 numbering",499,153,"HA2","H5 HA2 153","R","R",TRUE,FALSE,"exact_ungapped_match",0,"H5_HA2(1-162)"
"H5NX","H5","H1 numbering",500,154,"HA2","H5 HA2 154","N","N",TRUE,FALSE,"exact_ungapped_match",0,"H5_HA2(1-162)"
"H5NX","H5","H1 numbering",501,155,"HA2","H5 HA2 155","G","G",TRUE,FALSE,"exact_ungapped_match",0,"H5_HA2(1-162)"
"H5NX","H5","H1 numbering",502,156,"HA2","H5 HA2 156","T","T",TRUE,FALSE,"exact_ungapped_match",0,"H5_HA2(1-162)"
"H5NX","H5","H1 numbering",503,157,"HA2","H5 HA2 157","Y","Y",TRUE,FALSE,"exact_ungapped_match",0,"H5_HA2(1-162)"
"H5NX","H5","H1 numbering",504,158,"HA2","H5 HA2 158","D","D",TRUE,FALSE,"exact_ungapped_match",0,"H5_HA2(1-162)"
"H5NX","H5","H1 numbering",505,159,"HA2","H5 HA2 159","Y","Y",TRUE,FALSE,"exact_ungapped_match",0,"H5_HA2(1-162)"
"H5NX","H5","H1 numbering",506,160,"HA2","H5 HA2 160","P","P",TRUE,FALSE,"exact_ungapped_match",0,"H5_HA2(1-162)"
"H5NX","H5","H1 numbering",507,161,"HA2","H5 HA2 161","Q","Q",TRUE,FALSE,"exact_ungapped_match",0,"H5_HA2(1-162)"
"H5NX","H5","H1 numbering",508,162,"HA2","H5 HA2 162","Y","Y",TRUE,FALSE,"exact_ungapped_match",0,"H5_HA2(1-162)"
"H1N1seasonal","H1","H1 numbering",18,7,"HA1","H1 HA1 7","D","D",TRUE,FALSE,"pairwise_align_to_H1_frame_ref_6WCR",0,"6WCR A/Puerto Rico/8/1934 (H1) HA1(7-327)/HA2(1-162)"
"H1N1seasonal","H1","H1 numbering",19,8,"HA1","H1 HA1 8","T","T",TRUE,FALSE,"pairwise_align_to_H1_frame_ref_6WCR",0,"6WCR A/Puerto Rico/8/1934 (H1) HA1(7-327)/HA2(1-162)"
"H1N1seasonal","H1","H1 numbering",20,9,"HA1","H1 HA1 9","I","I",TRUE,FALSE,"pairwise_align_to_H1_frame_ref_6WCR",0,"6WCR A/Puerto Rico/8/1934 (H1) HA1(7-327)/HA2(1-162)"
"H1N1seasonal","H1","H1 numbering",21,10,"HA1","H1 HA1 10","C","C",TRUE,FALSE,"pairwise_align_to_H1_frame_ref_6WCR",0,"6WCR A/Puerto Rico/8/1934 (H1) HA1(7-327)/HA2(1-162)"
"H1N1seasonal","H1","H1 numbering",22,11,"HA1","H1 HA1 11","I","I",TRUE,FALSE,"pairwise_align_to_H1_frame_ref_6WCR",0,"6WCR A/Puerto Rico/8/1934 (H1) HA1(7-327)/HA2(1-162)"
"H1N1seasonal","H1","H1 numbering",23,12,"HA1","H1 HA1 12","G","G",TRUE,FALSE,"pairwise_align_to_H1_frame_ref_6WCR",0,"6WCR A/Puerto Rico/8/1934 (H1) HA1(7-327)/HA2(1-162)"
"H1N1seasonal","H1","H1 numbering",24,13,"HA1","H1 HA1 13","Y","Y",TRUE,FALSE,"pairwise_align_to_H1_frame_ref_6WCR",0,"6WCR A/Puerto Rico/8/1934 (H1) HA1(7-327)/HA2(1-162)"
"H1N1seasonal","H1","H1 numbering",25,14,"HA1","H1 HA1 14","H","H",TRUE,FALSE,"pairwise_align_to_H1_frame_ref_6WCR",0,"6WCR A/Puerto Rico/8/1934 (H1) HA1(7-327)/HA2(1-162)"
"H1N1seasonal","H1","H1 numbering",26,15,"HA1","H1 HA1 15","A","A",TRUE,FALSE,"pairwise_align_to_H1_frame_ref_6WCR",0,"6WCR A/Puerto Rico/8/1934 (H1) HA1(7-327)/HA2(1-162)"
"H1N1seasonal","H1","H1 numbering",27,16,"HA1","H1 HA1 16","N","N",TRUE,FALSE,"pairwise_align_to_H1_frame_ref_6WCR",0,"6WCR A/Puerto Rico/8/1934 (H1) HA1(7-327)/HA2(1-162)"
"H1N1seasonal","H1","H1 numbering",28,17,"HA1","H1 HA1 17","N","N",TRUE,FALSE,"pairwise_align_to_H1_frame_ref_6WCR",0,"6WCR A/Puerto Rico/8/1934 (H1) HA1(7-327)/HA2(1-162)"
"H1N1seasonal","H1","H1 numbering",29,18,"HA1","H1 HA1 18","S","S",TRUE,FALSE,"pairwise_align_to_H1_frame_ref_6WCR",0,"6WCR A/Puerto Rico/8/1934 (H1) HA1(7-327)/HA2(1-162)"
"H1N1seasonal","H1","H1 numbering",30,19,"HA1","H1 HA1 19","T","T",TRUE,FALSE,"pairwise_align_to_H1_frame_ref_6WCR",0,"6WCR A/Puerto Rico/8/1934 (H1) HA1(7-327)/HA2(1-162)"
"H1N1seasonal","H1","H1 numbering",31,20,"HA1","H1 HA1 20","D","D",TRUE,FALSE,"pairwise_align_to_H1_frame_ref_6WCR",0,"6WCR A/Puerto Rico/8/1934 (H1) HA1(7-327)/HA2(1-162)"
"H1N1seasonal","H1","H1 numbering",32,21,"HA1","H1 HA1 21","T","T",TRUE,FALSE,"pairwise_align_to_H1_frame_ref_6WCR",0,"6WCR A/Puerto Rico/8/1934 (H1) HA1(7-327)/HA2(1-162)"
"H1N1seasonal","H1","H1 numbering",33,22,"HA1","H1 HA1 22","V","V",TRUE,FALSE,"pairwise_align_to_H1_frame_ref_6WCR",0,"6WCR A/Puerto Rico/8/1934 (H1) HA1(7-327)/HA2(1-162)"
"H1N1seasonal","H1","H1 numbering",34,23,"HA1","H1 HA1 23","D","D",TRUE,FALSE,"pairwise_align_to_H1_frame_ref_6WCR",0,"6WCR A/Puerto Rico/8/1934 (H1) HA1(7-327)/HA2(1-162)"
"H1N1seasonal","H1","H1 numbering",35,24,"HA1","H1 HA1 24","T","T",TRUE,FALSE,"pairwise_align_to_H1_frame_ref_6WCR",0,"6WCR A/Puerto Rico/8/1934 (H1) HA1(7-327)/HA2(1-162)"
"H1N1seasonal","H1","H1 numbering",36,25,"HA1","H1 HA1 25","V","V",TRUE,FALSE,"pairwise_align_to_H1_frame_ref_6WCR",0,"6WCR A/Puerto Rico/8/1934 (H1) HA1(7-327)/HA2(1-162)"
"H1N1seasonal","H1","H1 numbering",37,26,"HA1","H1 HA1 26","L","L",TRUE,FALSE,"pairwise_align_to_H1_frame_ref_6WCR",0,"6WCR A/Puerto Rico/8/1934 (H1) HA1(7-327)/HA2(1-162)"
"H1N1seasonal","H1","H1 numbering",38,27,"HA1","H1 HA1 27","E","E",TRUE,FALSE,"pairwise_align_to_H1_frame_ref_6WCR",0,"6WCR A/Puerto Rico/8/1934 (H1) HA1(7-327)/HA2(1-162)"
"H1N1seasonal","H1","H1 numbering",39,28,"HA1","H1 HA1 28","K","K",TRUE,FALSE,"pairwise_align_to_H1_frame_ref_6WCR",0,"6WCR A/Puerto Rico/8/1934 (H1) HA1(7-327)/HA2(1-162)"
"H1N1seasonal","H1","H1 numbering",40,29,"HA1","H1 HA1 29","N","N",TRUE,FALSE,"pairwise_align_to_H1_frame_ref_6WCR",0,"6WCR A/Puerto Rico/8/1934 (H1) HA1(7-327)/HA2(1-162)"
"H1N1seasonal","H1","H1 numbering",41,30,"HA1","H1 HA1 30","V","V",TRUE,FALSE,"pairwise_align_to_H1_frame_ref_6WCR",0,"6WCR A/Puerto Rico/8/1934 (H1) HA1(7-327)/HA2(1-162)"
"H1N1seasonal","H1","H1 numbering",42,31,"HA1","H1 HA1 31","T","T",TRUE,FALSE,"pairwise_align_to_H1_frame_ref_6WCR",0,"6WCR A/Puerto Rico/8/1934 (H1) HA1(7-327)/HA2(1-162)"
"H1N1seasonal","H1","H1 numbering",43,32,"HA1","H1 HA1 32","V","V",TRUE,FALSE,"pairwise_align_to_H1_frame_ref_6WCR",0,"6WCR A/Puerto Rico/8/1934 (H1) HA1(7-327)/HA2(1-162)"
"H1N1seasonal","H1","H1 numbering",44,33,"HA1","H1 HA1 33","T","T",TRUE,FALSE,"pairwise_align_to_H1_frame_ref_6WCR",0,"6WCR A/Puerto Rico/8/1934 (H1) HA1(7-327)/HA2(1-162)"
"H1N1seasonal","H1","H1 numbering",45,34,"HA1","H1 HA1 34","H","H",TRUE,FALSE,"pairwise_align_to_H1_frame_ref_6WCR",0,"6WCR A/Puerto Rico/8/1934 (H1) HA1(7-327)/HA2(1-162)"
"H1N1seasonal","H1","H1 numbering",46,35,"HA1","H1 HA1 35","S","S",TRUE,FALSE,"pairwise_align_to_H1_frame_ref_6WCR",0,"6WCR A/Puerto Rico/8/1934 (H1) HA1(7-327)/HA2(1-162)"
"H1N1seasonal","H1","H1 numbering",47,36,"HA1","H1 HA1 36","V","V",TRUE,FALSE,"pairwise_align_to_H1_frame_ref_6WCR",0,"6WCR A/Puerto Rico/8/1934 (H1) HA1(7-327)/HA2(1-162)"
"H1N1seasonal","H1","H1 numbering",48,37,"HA1","H1 HA1 37","N","N",TRUE,FALSE,"pairwise_align_to_H1_frame_ref_6WCR",0,"6WCR A/Puerto Rico/8/1934 (H1) HA1(7-327)/HA2(1-162)"
"H1N1seasonal","H1","H1 numbering",49,38,"HA1","H1 HA1 38","L","L",TRUE,FALSE,"pairwise_align_to_H1_frame_ref_6WCR",0,"6WCR A/Puerto Rico/8/1934 (H1) HA1(7-327)/HA2(1-162)"
"H1N1seasonal","H1","H1 numbering",50,39,"HA1","H1 HA1 39","L","L",TRUE,FALSE,"pairwise_align_to_H1_frame_ref_6WCR",0,"6WCR A/Puerto Rico/8/1934 (H1) HA1(7-327)/HA2(1-162)"
"H1N1seasonal","H1","H1 numbering",51,40,"HA1","H1 HA1 40","E","E",TRUE,FALSE,"pairwise_align_to_H1_frame_ref_6WCR",0,"6WCR A/Puerto Rico/8/1934 (H1) HA1(7-327)/HA2(1-162)"
"H1N1seasonal","H1","H1 numbering",52,41,"HA1","H1 HA1 41","D","D",TRUE,FALSE,"pairwise_align_to_H1_frame_ref_6WCR",0,"6WCR A/Puerto Rico/8/1934 (H1) HA1(7-327)/HA2(1-162)"
"H1N1seasonal","H1","H1 numbering",53,42,"HA1","H1 HA1 42","S","S",TRUE,FALSE,"pairwise_align_to_H1_frame_ref_6WCR",0,"6WCR A/Puerto Rico/8/1934 (H1) HA1(7-327)/HA2(1-162)"
"H1N1seasonal","H1","H1 numbering",54,43,"HA1","H1 HA1 43","H","H",TRUE,FALSE,"pairwise_align_to_H1_frame_ref_6WCR",0,"6WCR A/Puerto Rico/8/1934 (H1) HA1(7-327)/HA2(1-162)"
"H1N1seasonal","H1","H1 numbering",55,44,"HA1","H1 HA1 44","N","N",TRUE,FALSE,"pairwise_align_to_H1_frame_ref_6WCR",0,"6WCR A/Puerto Rico/8/1934 (H1) HA1(7-327)/HA2(1-162)"
"H1N1seasonal","H1","H1 numbering",56,45,"HA1","H1 HA1 45","G","G",TRUE,FALSE,"pairwise_align_to_H1_frame_ref_6WCR",0,"6WCR A/Puerto Rico/8/1934 (H1) HA1(7-327)/HA2(1-162)"
"H1N1seasonal","H1","H1 numbering",57,46,"HA1","H1 HA1 46","K","K",TRUE,FALSE,"pairwise_align_to_H1_frame_ref_6WCR",0,"6WCR A/Puerto Rico/8/1934 (H1) HA1(7-327)/HA2(1-162)"
"H1N1seasonal","H1","H1 numbering",58,47,"HA1","H1 HA1 47","L","L",TRUE,FALSE,"pairwise_align_to_H1_frame_ref_6WCR",0,"6WCR A/Puerto Rico/8/1934 (H1) HA1(7-327)/HA2(1-162)"
"H1N1seasonal","H1","H1 numbering",59,48,"HA1","H1 HA1 48","C","C",TRUE,FALSE,"pairwise_align_to_H1_frame_ref_6WCR",0,"6WCR A/Puerto Rico/8/1934 (H1) HA1(7-327)/HA2(1-162)"
"H1N1seasonal","H1","H1 numbering",60,49,"HA1","H1 HA1 49","L","L",TRUE,FALSE,"pairwise_align_to_H1_frame_ref_6WCR",0,"6WCR A/Puerto Rico/8/1934 (H1) HA1(7-327)/HA2(1-162)"
"H1N1seasonal","H1","H1 numbering",61,50,"HA1","H1 HA1 50","L","L",TRUE,FALSE,"pairwise_align_to_H1_frame_ref_6WCR",0,"6WCR A/Puerto Rico/8/1934 (H1) HA1(7-327)/HA2(1-162)"
"H1N1seasonal","H1","H1 numbering",62,51,"HA1","H1 HA1 51","K","K",TRUE,FALSE,"pairwise_align_to_H1_frame_ref_6WCR",0,"6WCR A/Puerto Rico/8/1934 (H1) HA1(7-327)/HA2(1-162)"
"H1N1seasonal","H1","H1 numbering",63,52,"HA1","H1 HA1 52","G","G",TRUE,FALSE,"pairwise_align_to_H1_frame_ref_6WCR",0,"6WCR A/Puerto Rico/8/1934 (H1) HA1(7-327)/HA2(1-162)"
"H1N1seasonal","H1","H1 numbering",64,53,"HA1","H1 HA1 53","I","I",TRUE,FALSE,"pairwise_align_to_H1_frame_ref_6WCR",0,"6WCR A/Puerto Rico/8/1934 (H1) HA1(7-327)/HA2(1-162)"
"H1N1seasonal","H1","H1 numbering",65,54,"HA1","H1 HA1 54","A","A",TRUE,FALSE,"pairwise_align_to_H1_frame_ref_6WCR",0,"6WCR A/Puerto Rico/8/1934 (H1) HA1(7-327)/HA2(1-162)"
"H1N1seasonal","H1","H1 numbering",66,55,"HA1","H1 HA1 55","P","P",TRUE,FALSE,"pairwise_align_to_H1_frame_ref_6WCR",0,"6WCR A/Puerto Rico/8/1934 (H1) HA1(7-327)/HA2(1-162)"
"H1N1seasonal","H1","H1 numbering",67,56,"HA1","H1 HA1 56","L","L",TRUE,FALSE,"pairwise_align_to_H1_frame_ref_6WCR",0,"6WCR A/Puerto Rico/8/1934 (H1) HA1(7-327)/HA2(1-162)"
"H1N1seasonal","H1","H1 numbering",68,57,"HA1","H1 HA1 57","Q","Q",TRUE,FALSE,"pairwise_align_to_H1_frame_ref_6WCR",0,"6WCR A/Puerto Rico/8/1934 (H1) HA1(7-327)/HA2(1-162)"
"H1N1seasonal","H1","H1 numbering",69,58,"HA1","H1 HA1 58","L","L",TRUE,FALSE,"pairwise_align_to_H1_frame_ref_6WCR",0,"6WCR A/Puerto Rico/8/1934 (H1) HA1(7-327)/HA2(1-162)"
"H1N1seasonal","H1","H1 numbering",70,59,"HA1","H1 HA1 59","G","G",TRUE,FALSE,"pairwise_align_to_H1_frame_ref_6WCR",0,"6WCR A/Puerto Rico/8/1934 (H1) HA1(7-327)/HA2(1-162)"
"H1N1seasonal","H1","H1 numbering",71,60,"HA1","H1 HA1 60","N","N",TRUE,FALSE,"pairwise_align_to_H1_frame_ref_6WCR",0,"6WCR A/Puerto Rico/8/1934 (H1) HA1(7-327)/HA2(1-162)"
"H1N1seasonal","H1","H1 numbering",72,61,"HA1","H1 HA1 61","C","C",TRUE,FALSE,"pairwise_align_to_H1_frame_ref_6WCR",0,"6WCR A/Puerto Rico/8/1934 (H1) HA1(7-327)/HA2(1-162)"
"H1N1seasonal","H1","H1 numbering",73,62,"HA1","H1 HA1 62","S","S",TRUE,FALSE,"pairwise_align_to_H1_frame_ref_6WCR",0,"6WCR A/Puerto Rico/8/1934 (H1) HA1(7-327)/HA2(1-162)"
"H1N1seasonal","H1","H1 numbering",74,63,"HA1","H1 HA1 63","V","V",TRUE,FALSE,"pairwise_align_to_H1_frame_ref_6WCR",0,"6WCR A/Puerto Rico/8/1934 (H1) HA1(7-327)/HA2(1-162)"
"H1N1seasonal","H1","H1 numbering",75,64,"HA1","H1 HA1 64","A","A",TRUE,FALSE,"pairwise_align_to_H1_frame_ref_6WCR",0,"6WCR A/Puerto Rico/8/1934 (H1) HA1(7-327)/HA2(1-162)"
"H1N1seasonal","H1","H1 numbering",76,65,"HA1","H1 HA1 65","G","G",TRUE,FALSE,"pairwise_align_to_H1_frame_ref_6WCR",0,"6WCR A/Puerto Rico/8/1934 (H1) HA1(7-327)/HA2(1-162)"
"H1N1seasonal","H1","H1 numbering",77,66,"HA1","H1 HA1 66","W","W",TRUE,FALSE,"pairwise_align_to_H1_frame_ref_6WCR",0,"6WCR A/Puerto Rico/8/1934 (H1) HA1(7-327)/HA2(1-162)"
"H1N1seasonal","H1","H1 numbering",78,67,"HA1","H1 HA1 67","I","I",TRUE,FALSE,"pairwise_align_to_H1_frame_ref_6WCR",0,"6WCR A/Puerto Rico/8/1934 (H1) HA1(7-327)/HA2(1-162)"
"H1N1seasonal","H1","H1 numbering",79,68,"HA1","H1 HA1 68","L","L",TRUE,FALSE,"pairwise_align_to_H1_frame_ref_6WCR",0,"6WCR A/Puerto Rico/8/1934 (H1) HA1(7-327)/HA2(1-162)"
"H1N1seasonal","H1","H1 numbering",80,69,"HA1","H1 HA1 69","G","G",TRUE,FALSE,"pairwise_align_to_H1_frame_ref_6WCR",0,"6WCR A/Puerto Rico/8/1934 (H1) HA1(7-327)/HA2(1-162)"
"H1N1seasonal","H1","H1 numbering",81,70,"HA1","H1 HA1 70","N","N",TRUE,FALSE,"pairwise_align_to_H1_frame_ref_6WCR",0,"6WCR A/Puerto Rico/8/1934 (H1) HA1(7-327)/HA2(1-162)"
"H1N1seasonal","H1","H1 numbering",82,71,"HA1","H1 HA1 71","P","P",TRUE,FALSE,"pairwise_align_to_H1_frame_ref_6WCR",0,"6WCR A/Puerto Rico/8/1934 (H1) HA1(7-327)/HA2(1-162)"
"H1N1seasonal","H1","H1 numbering",83,72,"HA1","H1 HA1 72","E","E",TRUE,FALSE,"pairwise_align_to_H1_frame_ref_6WCR",0,"6WCR A/Puerto Rico/8/1934 (H1) HA1(7-327)/HA2(1-162)"
"H1N1seasonal","H1","H1 numbering",84,73,"HA1","H1 HA1 73","C","C",TRUE,FALSE,"pairwise_align_to_H1_frame_ref_6WCR",0,"6WCR A/Puerto Rico/8/1934 (H1) HA1(7-327)/HA2(1-162)"
"H1N1seasonal","H1","H1 numbering",85,74,"HA1","H1 HA1 74","E","E",TRUE,FALSE,"pairwise_align_to_H1_frame_ref_6WCR",0,"6WCR A/Puerto Rico/8/1934 (H1) HA1(7-327)/HA2(1-162)"
"H1N1seasonal","H1","H1 numbering",86,75,"HA1","H1 HA1 75","L","L",TRUE,FALSE,"pairwise_align_to_H1_frame_ref_6WCR",0,"6WCR A/Puerto Rico/8/1934 (H1) HA1(7-327)/HA2(1-162)"
"H1N1seasonal","H1","H1 numbering",87,76,"HA1","H1 HA1 76","L","L",TRUE,FALSE,"pairwise_align_to_H1_frame_ref_6WCR",0,"6WCR A/Puerto Rico/8/1934 (H1) HA1(7-327)/HA2(1-162)"
"H1N1seasonal","H1","H1 numbering",88,77,"HA1","H1 HA1 77","I","I",TRUE,FALSE,"pairwise_align_to_H1_frame_ref_6WCR",0,"6WCR A/Puerto Rico/8/1934 (H1) HA1(7-327)/HA2(1-162)"
"H1N1seasonal","H1","H1 numbering",89,78,"HA1","H1 HA1 78","S","S",TRUE,FALSE,"pairwise_align_to_H1_frame_ref_6WCR",0,"6WCR A/Puerto Rico/8/1934 (H1) HA1(7-327)/HA2(1-162)"
"H1N1seasonal","H1","H1 numbering",90,79,"HA1","H1 HA1 79","K","K",TRUE,FALSE,"pairwise_align_to_H1_frame_ref_6WCR",0,"6WCR A/Puerto Rico/8/1934 (H1) HA1(7-327)/HA2(1-162)"
"H1N1seasonal","H1","H1 numbering",91,80,"HA1","H1 HA1 80","E","E",TRUE,FALSE,"pairwise_align_to_H1_frame_ref_6WCR",0,"6WCR A/Puerto Rico/8/1934 (H1) HA1(7-327)/HA2(1-162)"
"H1N1seasonal","H1","H1 numbering",92,81,"HA1","H1 HA1 81","S","S",TRUE,FALSE,"pairwise_align_to_H1_frame_ref_6WCR",0,"6WCR A/Puerto Rico/8/1934 (H1) HA1(7-327)/HA2(1-162)"
"H1N1seasonal","H1","H1 numbering",93,82,"HA1","H1 HA1 82","W","W",TRUE,FALSE,"pairwise_align_to_H1_frame_ref_6WCR",0,"6WCR A/Puerto Rico/8/1934 (H1) HA1(7-327)/HA2(1-162)"
"H1N1seasonal","H1","H1 numbering",94,83,"HA1","H1 HA1 83","S","S",TRUE,FALSE,"pairwise_align_to_H1_frame_ref_6WCR",0,"6WCR A/Puerto Rico/8/1934 (H1) HA1(7-327)/HA2(1-162)"
"H1N1seasonal","H1","H1 numbering",95,84,"HA1","H1 HA1 84","Y","Y",TRUE,FALSE,"pairwise_align_to_H1_frame_ref_6WCR",0,"6WCR A/Puerto Rico/8/1934 (H1) HA1(7-327)/HA2(1-162)"
"H1N1seasonal","H1","H1 numbering",96,85,"HA1","H1 HA1 85","I","I",TRUE,FALSE,"pairwise_align_to_H1_frame_ref_6WCR",0,"6WCR A/Puerto Rico/8/1934 (H1) HA1(7-327)/HA2(1-162)"
"H1N1seasonal","H1","H1 numbering",97,86,"HA1","H1 HA1 86","V","V",TRUE,FALSE,"pairwise_align_to_H1_frame_ref_6WCR",0,"6WCR A/Puerto Rico/8/1934 (H1) HA1(7-327)/HA2(1-162)"
"H1N1seasonal","H1","H1 numbering",98,87,"HA1","H1 HA1 87","E","E",TRUE,FALSE,"pairwise_align_to_H1_frame_ref_6WCR",0,"6WCR A/Puerto Rico/8/1934 (H1) HA1(7-327)/HA2(1-162)"
"H1N1seasonal","H1","H1 numbering",99,88,"HA1","H1 HA1 88","K","K",TRUE,FALSE,"pairwise_align_to_H1_frame_ref_6WCR",0,"6WCR A/Puerto Rico/8/1934 (H1) HA1(7-327)/HA2(1-162)"
"H1N1seasonal","H1","H1 numbering",100,89,"HA1","H1 HA1 89","P","P",TRUE,FALSE,"pairwise_align_to_H1_frame_ref_6WCR",0,"6WCR A/Puerto Rico/8/1934 (H1) HA1(7-327)/HA2(1-162)"
"H1N1seasonal","H1","H1 numbering",101,90,"HA1","H1 HA1 90","N","N",TRUE,FALSE,"pairwise_align_to_H1_frame_ref_6WCR",0,"6WCR A/Puerto Rico/8/1934 (H1) HA1(7-327)/HA2(1-162)"
"H1N1seasonal","H1","H1 numbering",102,91,"HA1","H1 HA1 91","P","P",TRUE,FALSE,"pairwise_align_to_H1_frame_ref_6WCR",0,"6WCR A/Puerto Rico/8/1934 (H1) HA1(7-327)/HA2(1-162)"
"H1N1seasonal","H1","H1 numbering",103,92,"HA1","H1 HA1 92","E","E",TRUE,FALSE,"pairwise_align_to_H1_frame_ref_6WCR",0,"6WCR A/Puerto Rico/8/1934 (H1) HA1(7-327)/HA2(1-162)"
"H1N1seasonal","H1","H1 numbering",104,93,"HA1","H1 HA1 93","N","N",TRUE,FALSE,"pairwise_align_to_H1_frame_ref_6WCR",0,"6WCR A/Puerto Rico/8/1934 (H1) HA1(7-327)/HA2(1-162)"
"H1N1seasonal","H1","H1 numbering",105,94,"HA1","H1 HA1 94","G","G",TRUE,FALSE,"pairwise_align_to_H1_frame_ref_6WCR",0,"6WCR A/Puerto Rico/8/1934 (H1) HA1(7-327)/HA2(1-162)"
"H1N1seasonal","H1","H1 numbering",106,95,"HA1","H1 HA1 95","T","T",TRUE,FALSE,"pairwise_align_to_H1_frame_ref_6WCR",0,"6WCR A/Puerto Rico/8/1934 (H1) HA1(7-327)/HA2(1-162)"
"H1N1seasonal","H1","H1 numbering",107,96,"HA1","H1 HA1 96","C","C",TRUE,FALSE,"pairwise_align_to_H1_frame_ref_6WCR",0,"6WCR A/Puerto Rico/8/1934 (H1) HA1(7-327)/HA2(1-162)"
"H1N1seasonal","H1","H1 numbering",108,97,"HA1","H1 HA1 97","Y","Y",TRUE,FALSE,"pairwise_align_to_H1_frame_ref_6WCR",0,"6WCR A/Puerto Rico/8/1934 (H1) HA1(7-327)/HA2(1-162)"
"H1N1seasonal","H1","H1 numbering",109,98,"HA1","H1 HA1 98","P","P",TRUE,FALSE,"pairwise_align_to_H1_frame_ref_6WCR",0,"6WCR A/Puerto Rico/8/1934 (H1) HA1(7-327)/HA2(1-162)"
"H1N1seasonal","H1","H1 numbering",110,99,"HA1","H1 HA1 99","G","G",TRUE,FALSE,"pairwise_align_to_H1_frame_ref_6WCR",0,"6WCR A/Puerto Rico/8/1934 (H1) HA1(7-327)/HA2(1-162)"
"H1N1seasonal","H1","H1 numbering",111,100,"HA1","H1 HA1 100","H","H",TRUE,FALSE,"pairwise_align_to_H1_frame_ref_6WCR",0,"6WCR A/Puerto Rico/8/1934 (H1) HA1(7-327)/HA2(1-162)"
"H1N1seasonal","H1","H1 numbering",112,101,"HA1","H1 HA1 101","F","F",TRUE,FALSE,"pairwise_align_to_H1_frame_ref_6WCR",0,"6WCR A/Puerto Rico/8/1934 (H1) HA1(7-327)/HA2(1-162)"
"H1N1seasonal","H1","H1 numbering",113,102,"HA1","H1 HA1 102","A","A",TRUE,FALSE,"pairwise_align_to_H1_frame_ref_6WCR",0,"6WCR A/Puerto Rico/8/1934 (H1) HA1(7-327)/HA2(1-162)"
"H1N1seasonal","H1","H1 numbering",114,103,"HA1","H1 HA1 103","D","D",TRUE,FALSE,"pairwise_align_to_H1_frame_ref_6WCR",0,"6WCR A/Puerto Rico/8/1934 (H1) HA1(7-327)/HA2(1-162)"
"H1N1seasonal","H1","H1 numbering",115,104,"HA1","H1 HA1 104","Y","Y",TRUE,FALSE,"pairwise_align_to_H1_frame_ref_6WCR",0,"6WCR A/Puerto Rico/8/1934 (H1) HA1(7-327)/HA2(1-162)"
"H1N1seasonal","H1","H1 numbering",116,105,"HA1","H1 HA1 105","E","E",TRUE,FALSE,"pairwise_align_to_H1_frame_ref_6WCR",0,"6WCR A/Puerto Rico/8/1934 (H1) HA1(7-327)/HA2(1-162)"
"H1N1seasonal","H1","H1 numbering",117,106,"HA1","H1 HA1 106","E","E",TRUE,FALSE,"pairwise_align_to_H1_frame_ref_6WCR",0,"6WCR A/Puerto Rico/8/1934 (H1) HA1(7-327)/HA2(1-162)"
"H1N1seasonal","H1","H1 numbering",118,107,"HA1","H1 HA1 107","L","L",TRUE,FALSE,"pairwise_align_to_H1_frame_ref_6WCR",0,"6WCR A/Puerto Rico/8/1934 (H1) HA1(7-327)/HA2(1-162)"
"H1N1seasonal","H1","H1 numbering",119,108,"HA1","H1 HA1 108","R","R",TRUE,FALSE,"pairwise_align_to_H1_frame_ref_6WCR",0,"6WCR A/Puerto Rico/8/1934 (H1) HA1(7-327)/HA2(1-162)"
"H1N1seasonal","H1","H1 numbering",120,109,"HA1","H1 HA1 109","E","E",TRUE,FALSE,"pairwise_align_to_H1_frame_ref_6WCR",0,"6WCR A/Puerto Rico/8/1934 (H1) HA1(7-327)/HA2(1-162)"
"H1N1seasonal","H1","H1 numbering",121,110,"HA1","H1 HA1 110","Q","Q",TRUE,FALSE,"pairwise_align_to_H1_frame_ref_6WCR",0,"6WCR A/Puerto Rico/8/1934 (H1) HA1(7-327)/HA2(1-162)"
"H1N1seasonal","H1","H1 numbering",122,111,"HA1","H1 HA1 111","L","L",TRUE,FALSE,"pairwise_align_to_H1_frame_ref_6WCR",0,"6WCR A/Puerto Rico/8/1934 (H1) HA1(7-327)/HA2(1-162)"
"H1N1seasonal","H1","H1 numbering",123,112,"HA1","H1 HA1 112","S","S",TRUE,FALSE,"pairwise_align_to_H1_frame_ref_6WCR",0,"6WCR A/Puerto Rico/8/1934 (H1) HA1(7-327)/HA2(1-162)"
"H1N1seasonal","H1","H1 numbering",124,113,"HA1","H1 HA1 113","S","S",TRUE,FALSE,"pairwise_align_to_H1_frame_ref_6WCR",0,"6WCR A/Puerto Rico/8/1934 (H1) HA1(7-327)/HA2(1-162)"
"H1N1seasonal","H1","H1 numbering",125,114,"HA1","H1 HA1 114","V","V",TRUE,FALSE,"pairwise_align_to_H1_frame_ref_6WCR",0,"6WCR A/Puerto Rico/8/1934 (H1) HA1(7-327)/HA2(1-162)"
"H1N1seasonal","H1","H1 numbering",126,115,"HA1","H1 HA1 115","S","S",TRUE,FALSE,"pairwise_align_to_H1_frame_ref_6WCR",0,"6WCR A/Puerto Rico/8/1934 (H1) HA1(7-327)/HA2(1-162)"
"H1N1seasonal","H1","H1 numbering",127,116,"HA1","H1 HA1 116","S","S",TRUE,FALSE,"pairwise_align_to_H1_frame_ref_6WCR",0,"6WCR A/Puerto Rico/8/1934 (H1) HA1(7-327)/HA2(1-162)"
"H1N1seasonal","H1","H1 numbering",128,117,"HA1","H1 HA1 117","F","F",TRUE,FALSE,"pairwise_align_to_H1_frame_ref_6WCR",0,"6WCR A/Puerto Rico/8/1934 (H1) HA1(7-327)/HA2(1-162)"
"H1N1seasonal","H1","H1 numbering",129,118,"HA1","H1 HA1 118","E","E",TRUE,FALSE,"pairwise_align_to_H1_frame_ref_6WCR",0,"6WCR A/Puerto Rico/8/1934 (H1) HA1(7-327)/HA2(1-162)"
"H1N1seasonal","H1","H1 numbering",130,119,"HA1","H1 HA1 119","R","R",TRUE,FALSE,"pairwise_align_to_H1_frame_ref_6WCR",0,"6WCR A/Puerto Rico/8/1934 (H1) HA1(7-327)/HA2(1-162)"
"H1N1seasonal","H1","H1 numbering",131,120,"HA1","H1 HA1 120","F","F",TRUE,FALSE,"pairwise_align_to_H1_frame_ref_6WCR",0,"6WCR A/Puerto Rico/8/1934 (H1) HA1(7-327)/HA2(1-162)"
"H1N1seasonal","H1","H1 numbering",132,121,"HA1","H1 HA1 121","E","E",TRUE,FALSE,"pairwise_align_to_H1_frame_ref_6WCR",0,"6WCR A/Puerto Rico/8/1934 (H1) HA1(7-327)/HA2(1-162)"
"H1N1seasonal","H1","H1 numbering",133,122,"HA1","H1 HA1 122","I","I",TRUE,FALSE,"pairwise_align_to_H1_frame_ref_6WCR",0,"6WCR A/Puerto Rico/8/1934 (H1) HA1(7-327)/HA2(1-162)"
"H1N1seasonal","H1","H1 numbering",134,123,"HA1","H1 HA1 123","F","F",TRUE,FALSE,"pairwise_align_to_H1_frame_ref_6WCR",0,"6WCR A/Puerto Rico/8/1934 (H1) HA1(7-327)/HA2(1-162)"
"H1N1seasonal","H1","H1 numbering",135,124,"HA1","H1 HA1 124","P","P",TRUE,FALSE,"pairwise_align_to_H1_frame_ref_6WCR",0,"6WCR A/Puerto Rico/8/1934 (H1) HA1(7-327)/HA2(1-162)"
"H1N1seasonal","H1","H1 numbering",136,125,"HA1","H1 HA1 125","K","K",TRUE,FALSE,"pairwise_align_to_H1_frame_ref_6WCR",0,"6WCR A/Puerto Rico/8/1934 (H1) HA1(7-327)/HA2(1-162)"
"H1N1seasonal","H1","H1 numbering",137,126,"HA1","H1 HA1 126","E","E",TRUE,FALSE,"pairwise_align_to_H1_frame_ref_6WCR",0,"6WCR A/Puerto Rico/8/1934 (H1) HA1(7-327)/HA2(1-162)"
"H1N1seasonal","H1","H1 numbering",138,127,"HA1","H1 HA1 127","S","S",TRUE,FALSE,"pairwise_align_to_H1_frame_ref_6WCR",0,"6WCR A/Puerto Rico/8/1934 (H1) HA1(7-327)/HA2(1-162)"
"H1N1seasonal","H1","H1 numbering",139,128,"HA1","H1 HA1 128","S","S",TRUE,FALSE,"pairwise_align_to_H1_frame_ref_6WCR",0,"6WCR A/Puerto Rico/8/1934 (H1) HA1(7-327)/HA2(1-162)"
"H1N1seasonal","H1","H1 numbering",140,129,"HA1","H1 HA1 129","W","W",TRUE,FALSE,"pairwise_align_to_H1_frame_ref_6WCR",0,"6WCR A/Puerto Rico/8/1934 (H1) HA1(7-327)/HA2(1-162)"
"H1N1seasonal","H1","H1 numbering",141,130,"HA1","H1 HA1 130","P","P",TRUE,FALSE,"pairwise_align_to_H1_frame_ref_6WCR",0,"6WCR A/Puerto Rico/8/1934 (H1) HA1(7-327)/HA2(1-162)"
"H1N1seasonal","H1","H1 numbering",142,131,"HA1","H1 HA1 131","N","N",TRUE,FALSE,"pairwise_align_to_H1_frame_ref_6WCR",0,"6WCR A/Puerto Rico/8/1934 (H1) HA1(7-327)/HA2(1-162)"
"H1N1seasonal","H1","H1 numbering",143,132,"HA1","H1 HA1 132","H","H",TRUE,FALSE,"pairwise_align_to_H1_frame_ref_6WCR",0,"6WCR A/Puerto Rico/8/1934 (H1) HA1(7-327)/HA2(1-162)"
"H1N1seasonal","H1","H1 numbering",144,133,"HA1","H1 HA1 133","T","T",TRUE,FALSE,"pairwise_align_to_H1_frame_ref_6WCR",0,"6WCR A/Puerto Rico/8/1934 (H1) HA1(7-327)/HA2(1-162)"
"H1N1seasonal","H1","H1 numbering",145,134,"HA1","H1 HA1 134","V","V",TRUE,FALSE,"pairwise_align_to_H1_frame_ref_6WCR",0,"6WCR A/Puerto Rico/8/1934 (H1) HA1(7-327)/HA2(1-162)"
"H1N1seasonal","H1","H1 numbering",146,135,"HA1","H1 HA1 135","T","T",TRUE,FALSE,"pairwise_align_to_H1_frame_ref_6WCR",0,"6WCR A/Puerto Rico/8/1934 (H1) HA1(7-327)/HA2(1-162)"
"H1N1seasonal","H1","H1 numbering",147,136,"HA1","H1 HA1 136","K","K",TRUE,FALSE,"pairwise_align_to_H1_frame_ref_6WCR",0,"6WCR A/Puerto Rico/8/1934 (H1) HA1(7-327)/HA2(1-162)"
"H1N1seasonal","H1","H1 numbering",148,137,"HA1","H1 HA1 137","G","G",TRUE,FALSE,"pairwise_align_to_H1_frame_ref_6WCR",0,"6WCR A/Puerto Rico/8/1934 (H1) HA1(7-327)/HA2(1-162)"
"H1N1seasonal","H1","H1 numbering",149,138,"HA1","H1 HA1 138","V","V",TRUE,FALSE,"pairwise_align_to_H1_frame_ref_6WCR",0,"6WCR A/Puerto Rico/8/1934 (H1) HA1(7-327)/HA2(1-162)"
"H1N1seasonal","H1","H1 numbering",150,139,"HA1","H1 HA1 139","S","S",TRUE,FALSE,"pairwise_align_to_H1_frame_ref_6WCR",0,"6WCR A/Puerto Rico/8/1934 (H1) HA1(7-327)/HA2(1-162)"
"H1N1seasonal","H1","H1 numbering",151,140,"HA1","H1 HA1 140","A","A",TRUE,FALSE,"pairwise_align_to_H1_frame_ref_6WCR",0,"6WCR A/Puerto Rico/8/1934 (H1) HA1(7-327)/HA2(1-162)"
"H1N1seasonal","H1","H1 numbering",152,141,"HA1","H1 HA1 141","S","S",TRUE,FALSE,"pairwise_align_to_H1_frame_ref_6WCR",0,"6WCR A/Puerto Rico/8/1934 (H1) HA1(7-327)/HA2(1-162)"
"H1N1seasonal","H1","H1 numbering",153,142,"HA1","H1 HA1 142","C","C",TRUE,FALSE,"pairwise_align_to_H1_frame_ref_6WCR",0,"6WCR A/Puerto Rico/8/1934 (H1) HA1(7-327)/HA2(1-162)"
"H1N1seasonal","H1","H1 numbering",154,143,"HA1","H1 HA1 143","S","S",TRUE,FALSE,"pairwise_align_to_H1_frame_ref_6WCR",0,"6WCR A/Puerto Rico/8/1934 (H1) HA1(7-327)/HA2(1-162)"
"H1N1seasonal","H1","H1 numbering",155,144,"HA1","H1 HA1 144","H","H",TRUE,FALSE,"pairwise_align_to_H1_frame_ref_6WCR",0,"6WCR A/Puerto Rico/8/1934 (H1) HA1(7-327)/HA2(1-162)"
"H1N1seasonal","H1","H1 numbering",156,145,"HA1","H1 HA1 145","N","N",TRUE,FALSE,"pairwise_align_to_H1_frame_ref_6WCR",0,"6WCR A/Puerto Rico/8/1934 (H1) HA1(7-327)/HA2(1-162)"
"H1N1seasonal","H1","H1 numbering",157,146,"HA1","H1 HA1 146","G","G",TRUE,FALSE,"pairwise_align_to_H1_frame_ref_6WCR",0,"6WCR A/Puerto Rico/8/1934 (H1) HA1(7-327)/HA2(1-162)"
"H1N1seasonal","H1","H1 numbering",158,147,"HA1","H1 HA1 147","E","E",TRUE,FALSE,"pairwise_align_to_H1_frame_ref_6WCR",0,"6WCR A/Puerto Rico/8/1934 (H1) HA1(7-327)/HA2(1-162)"
"H1N1seasonal","H1","H1 numbering",159,148,"HA1","H1 HA1 148","S","S",TRUE,FALSE,"pairwise_align_to_H1_frame_ref_6WCR",0,"6WCR A/Puerto Rico/8/1934 (H1) HA1(7-327)/HA2(1-162)"
"H1N1seasonal","H1","H1 numbering",160,149,"HA1","H1 HA1 149","S","S",TRUE,FALSE,"pairwise_align_to_H1_frame_ref_6WCR",0,"6WCR A/Puerto Rico/8/1934 (H1) HA1(7-327)/HA2(1-162)"
"H1N1seasonal","H1","H1 numbering",161,150,"HA1","H1 HA1 150","F","F",TRUE,FALSE,"pairwise_align_to_H1_frame_ref_6WCR",0,"6WCR A/Puerto Rico/8/1934 (H1) HA1(7-327)/HA2(1-162)"
"H1N1seasonal","H1","H1 numbering",162,151,"HA1","H1 HA1 151","Y","Y",TRUE,FALSE,"pairwise_align_to_H1_frame_ref_6WCR",0,"6WCR A/Puerto Rico/8/1934 (H1) HA1(7-327)/HA2(1-162)"
"H1N1seasonal","H1","H1 numbering",163,152,"HA1","H1 HA1 152","R","R",TRUE,FALSE,"pairwise_align_to_H1_frame_ref_6WCR",0,"6WCR A/Puerto Rico/8/1934 (H1) HA1(7-327)/HA2(1-162)"
"H1N1seasonal","H1","H1 numbering",164,153,"HA1","H1 HA1 153","N","N",TRUE,FALSE,"pairwise_align_to_H1_frame_ref_6WCR",0,"6WCR A/Puerto Rico/8/1934 (H1) HA1(7-327)/HA2(1-162)"
"H1N1seasonal","H1","H1 numbering",165,154,"HA1","H1 HA1 154","L","L",TRUE,FALSE,"pairwise_align_to_H1_frame_ref_6WCR",0,"6WCR A/Puerto Rico/8/1934 (H1) HA1(7-327)/HA2(1-162)"
"H1N1seasonal","H1","H1 numbering",166,155,"HA1","H1 HA1 155","L","L",TRUE,FALSE,"pairwise_align_to_H1_frame_ref_6WCR",0,"6WCR A/Puerto Rico/8/1934 (H1) HA1(7-327)/HA2(1-162)"
"H1N1seasonal","H1","H1 numbering",167,156,"HA1","H1 HA1 156","W","W",TRUE,FALSE,"pairwise_align_to_H1_frame_ref_6WCR",0,"6WCR A/Puerto Rico/8/1934 (H1) HA1(7-327)/HA2(1-162)"
"H1N1seasonal","H1","H1 numbering",168,157,"HA1","H1 HA1 157","L","L",TRUE,FALSE,"pairwise_align_to_H1_frame_ref_6WCR",0,"6WCR A/Puerto Rico/8/1934 (H1) HA1(7-327)/HA2(1-162)"
"H1N1seasonal","H1","H1 numbering",169,158,"HA1","H1 HA1 158","T","T",TRUE,FALSE,"pairwise_align_to_H1_frame_ref_6WCR",0,"6WCR A/Puerto Rico/8/1934 (H1) HA1(7-327)/HA2(1-162)"
"H1N1seasonal","H1","H1 numbering",170,159,"HA1","H1 HA1 159","G","G",TRUE,FALSE,"pairwise_align_to_H1_frame_ref_6WCR",0,"6WCR A/Puerto Rico/8/1934 (H1) HA1(7-327)/HA2(1-162)"
"H1N1seasonal","H1","H1 numbering",171,160,"HA1","H1 HA1 160","K","K",TRUE,FALSE,"pairwise_align_to_H1_frame_ref_6WCR",0,"6WCR A/Puerto Rico/8/1934 (H1) HA1(7-327)/HA2(1-162)"
"H1N1seasonal","H1","H1 numbering",172,161,"HA1","H1 HA1 161","N","N",TRUE,FALSE,"pairwise_align_to_H1_frame_ref_6WCR",0,"6WCR A/Puerto Rico/8/1934 (H1) HA1(7-327)/HA2(1-162)"
"H1N1seasonal","H1","H1 numbering",173,162,"HA1","H1 HA1 162","G","G",TRUE,FALSE,"pairwise_align_to_H1_frame_ref_6WCR",0,"6WCR A/Puerto Rico/8/1934 (H1) HA1(7-327)/HA2(1-162)"
"H1N1seasonal","H1","H1 numbering",174,163,"HA1","H1 HA1 163","L","L",TRUE,FALSE,"pairwise_align_to_H1_frame_ref_6WCR",0,"6WCR A/Puerto Rico/8/1934 (H1) HA1(7-327)/HA2(1-162)"
"H1N1seasonal","H1","H1 numbering",175,164,"HA1","H1 HA1 164","Y","Y",TRUE,FALSE,"pairwise_align_to_H1_frame_ref_6WCR",0,"6WCR A/Puerto Rico/8/1934 (H1) HA1(7-327)/HA2(1-162)"
"H1N1seasonal","H1","H1 numbering",176,165,"HA1","H1 HA1 165","P","P",TRUE,FALSE,"pairwise_align_to_H1_frame_ref_6WCR",0,"6WCR A/Puerto Rico/8/1934 (H1) HA1(7-327)/HA2(1-162)"
"H1N1seasonal","H1","H1 numbering",177,166,"HA1","H1 HA1 166","N","N",TRUE,FALSE,"pairwise_align_to_H1_frame_ref_6WCR",0,"6WCR A/Puerto Rico/8/1934 (H1) HA1(7-327)/HA2(1-162)"
"H1N1seasonal","H1","H1 numbering",178,167,"HA1","H1 HA1 167","L","L",TRUE,FALSE,"pairwise_align_to_H1_frame_ref_6WCR",0,"6WCR A/Puerto Rico/8/1934 (H1) HA1(7-327)/HA2(1-162)"
"H1N1seasonal","H1","H1 numbering",179,168,"HA1","H1 HA1 168","S","S",TRUE,FALSE,"pairwise_align_to_H1_frame_ref_6WCR",0,"6WCR A/Puerto Rico/8/1934 (H1) HA1(7-327)/HA2(1-162)"
"H1N1seasonal","H1","H1 numbering",180,169,"HA1","H1 HA1 169","K","K",TRUE,FALSE,"pairwise_align_to_H1_frame_ref_6WCR",0,"6WCR A/Puerto Rico/8/1934 (H1) HA1(7-327)/HA2(1-162)"
"H1N1seasonal","H1","H1 numbering",181,170,"HA1","H1 HA1 170","S","S",TRUE,FALSE,"pairwise_align_to_H1_frame_ref_6WCR",0,"6WCR A/Puerto Rico/8/1934 (H1) HA1(7-327)/HA2(1-162)"
"H1N1seasonal","H1","H1 numbering",182,171,"HA1","H1 HA1 171","Y","Y",TRUE,FALSE,"pairwise_align_to_H1_frame_ref_6WCR",0,"6WCR A/Puerto Rico/8/1934 (H1) HA1(7-327)/HA2(1-162)"
"H1N1seasonal","H1","H1 numbering",183,172,"HA1","H1 HA1 172","A","A",TRUE,FALSE,"pairwise_align_to_H1_frame_ref_6WCR",0,"6WCR A/Puerto Rico/8/1934 (H1) HA1(7-327)/HA2(1-162)"
"H1N1seasonal","H1","H1 numbering",184,173,"HA1","H1 HA1 173","N","N",TRUE,FALSE,"pairwise_align_to_H1_frame_ref_6WCR",0,"6WCR A/Puerto Rico/8/1934 (H1) HA1(7-327)/HA2(1-162)"
"H1N1seasonal","H1","H1 numbering",185,174,"HA1","H1 HA1 174","N","N",TRUE,FALSE,"pairwise_align_to_H1_frame_ref_6WCR",0,"6WCR A/Puerto Rico/8/1934 (H1) HA1(7-327)/HA2(1-162)"
"H1N1seasonal","H1","H1 numbering",186,175,"HA1","H1 HA1 175","K","K",TRUE,FALSE,"pairwise_align_to_H1_frame_ref_6WCR",0,"6WCR A/Puerto Rico/8/1934 (H1) HA1(7-327)/HA2(1-162)"
"H1N1seasonal","H1","H1 numbering",187,176,"HA1","H1 HA1 176","E","E",TRUE,FALSE,"pairwise_align_to_H1_frame_ref_6WCR",0,"6WCR A/Puerto Rico/8/1934 (H1) HA1(7-327)/HA2(1-162)"
"H1N1seasonal","H1","H1 numbering",188,177,"HA1","H1 HA1 177","K","K",TRUE,FALSE,"pairwise_align_to_H1_frame_ref_6WCR",0,"6WCR A/Puerto Rico/8/1934 (H1) HA1(7-327)/HA2(1-162)"
"H1N1seasonal","H1","H1 numbering",189,178,"HA1","H1 HA1 178","E","E",TRUE,FALSE,"pairwise_align_to_H1_frame_ref_6WCR",0,"6WCR A/Puerto Rico/8/1934 (H1) HA1(7-327)/HA2(1-162)"
"H1N1seasonal","H1","H1 numbering",190,179,"HA1","H1 HA1 179","V","V",TRUE,FALSE,"pairwise_align_to_H1_frame_ref_6WCR",0,"6WCR A/Puerto Rico/8/1934 (H1) HA1(7-327)/HA2(1-162)"
"H1N1seasonal","H1","H1 numbering",191,180,"HA1","H1 HA1 180","L","L",TRUE,FALSE,"pairwise_align_to_H1_frame_ref_6WCR",0,"6WCR A/Puerto Rico/8/1934 (H1) HA1(7-327)/HA2(1-162)"
"H1N1seasonal","H1","H1 numbering",192,181,"HA1","H1 HA1 181","V","V",TRUE,FALSE,"pairwise_align_to_H1_frame_ref_6WCR",0,"6WCR A/Puerto Rico/8/1934 (H1) HA1(7-327)/HA2(1-162)"
"H1N1seasonal","H1","H1 numbering",193,182,"HA1","H1 HA1 182","L","L",TRUE,FALSE,"pairwise_align_to_H1_frame_ref_6WCR",0,"6WCR A/Puerto Rico/8/1934 (H1) HA1(7-327)/HA2(1-162)"
"H1N1seasonal","H1","H1 numbering",194,183,"HA1","H1 HA1 183","W","W",TRUE,FALSE,"pairwise_align_to_H1_frame_ref_6WCR",0,"6WCR A/Puerto Rico/8/1934 (H1) HA1(7-327)/HA2(1-162)"
"H1N1seasonal","H1","H1 numbering",195,184,"HA1","H1 HA1 184","G","G",TRUE,FALSE,"pairwise_align_to_H1_frame_ref_6WCR",0,"6WCR A/Puerto Rico/8/1934 (H1) HA1(7-327)/HA2(1-162)"
"H1N1seasonal","H1","H1 numbering",196,185,"HA1","H1 HA1 185","V","V",TRUE,FALSE,"pairwise_align_to_H1_frame_ref_6WCR",0,"6WCR A/Puerto Rico/8/1934 (H1) HA1(7-327)/HA2(1-162)"
"H1N1seasonal","H1","H1 numbering",197,186,"HA1","H1 HA1 186","H","H",TRUE,FALSE,"pairwise_align_to_H1_frame_ref_6WCR",0,"6WCR A/Puerto Rico/8/1934 (H1) HA1(7-327)/HA2(1-162)"
"H1N1seasonal","H1","H1 numbering",198,187,"HA1","H1 HA1 187","H","H",TRUE,FALSE,"pairwise_align_to_H1_frame_ref_6WCR",0,"6WCR A/Puerto Rico/8/1934 (H1) HA1(7-327)/HA2(1-162)"
"H1N1seasonal","H1","H1 numbering",199,188,"HA1","H1 HA1 188","P","P",TRUE,FALSE,"pairwise_align_to_H1_frame_ref_6WCR",0,"6WCR A/Puerto Rico/8/1934 (H1) HA1(7-327)/HA2(1-162)"
"H1N1seasonal","H1","H1 numbering",200,189,"HA1","H1 HA1 189","P","P",TRUE,FALSE,"pairwise_align_to_H1_frame_ref_6WCR",0,"6WCR A/Puerto Rico/8/1934 (H1) HA1(7-327)/HA2(1-162)"
"H1N1seasonal","H1","H1 numbering",201,190,"HA1","H1 HA1 190","N","N",TRUE,FALSE,"pairwise_align_to_H1_frame_ref_6WCR",0,"6WCR A/Puerto Rico/8/1934 (H1) HA1(7-327)/HA2(1-162)"
"H1N1seasonal","H1","H1 numbering",202,191,"HA1","H1 HA1 191","I","I",TRUE,FALSE,"pairwise_align_to_H1_frame_ref_6WCR",0,"6WCR A/Puerto Rico/8/1934 (H1) HA1(7-327)/HA2(1-162)"
"H1N1seasonal","H1","H1 numbering",203,192,"HA1","H1 HA1 192","G","G",TRUE,FALSE,"pairwise_align_to_H1_frame_ref_6WCR",0,"6WCR A/Puerto Rico/8/1934 (H1) HA1(7-327)/HA2(1-162)"
"H1N1seasonal","H1","H1 numbering",204,193,"HA1","H1 HA1 193","D","D",TRUE,FALSE,"pairwise_align_to_H1_frame_ref_6WCR",0,"6WCR A/Puerto Rico/8/1934 (H1) HA1(7-327)/HA2(1-162)"
"H1N1seasonal","H1","H1 numbering",205,194,"HA1","H1 HA1 194","Q","Q",TRUE,FALSE,"pairwise_align_to_H1_frame_ref_6WCR",0,"6WCR A/Puerto Rico/8/1934 (H1) HA1(7-327)/HA2(1-162)"
"H1N1seasonal","H1","H1 numbering",206,195,"HA1","H1 HA1 195","K","K",TRUE,FALSE,"pairwise_align_to_H1_frame_ref_6WCR",0,"6WCR A/Puerto Rico/8/1934 (H1) HA1(7-327)/HA2(1-162)"
"H1N1seasonal","H1","H1 numbering",207,196,"HA1","H1 HA1 196","A","A",TRUE,FALSE,"pairwise_align_to_H1_frame_ref_6WCR",0,"6WCR A/Puerto Rico/8/1934 (H1) HA1(7-327)/HA2(1-162)"
"H1N1seasonal","H1","H1 numbering",208,197,"HA1","H1 HA1 197","L","L",TRUE,FALSE,"pairwise_align_to_H1_frame_ref_6WCR",0,"6WCR A/Puerto Rico/8/1934 (H1) HA1(7-327)/HA2(1-162)"
"H1N1seasonal","H1","H1 numbering",209,198,"HA1","H1 HA1 198","Y","Y",TRUE,FALSE,"pairwise_align_to_H1_frame_ref_6WCR",0,"6WCR A/Puerto Rico/8/1934 (H1) HA1(7-327)/HA2(1-162)"
"H1N1seasonal","H1","H1 numbering",210,199,"HA1","H1 HA1 199","H","H",TRUE,FALSE,"pairwise_align_to_H1_frame_ref_6WCR",0,"6WCR A/Puerto Rico/8/1934 (H1) HA1(7-327)/HA2(1-162)"
"H1N1seasonal","H1","H1 numbering",211,200,"HA1","H1 HA1 200","T","T",TRUE,FALSE,"pairwise_align_to_H1_frame_ref_6WCR",0,"6WCR A/Puerto Rico/8/1934 (H1) HA1(7-327)/HA2(1-162)"
"H1N1seasonal","H1","H1 numbering",212,201,"HA1","H1 HA1 201","E","E",TRUE,FALSE,"pairwise_align_to_H1_frame_ref_6WCR",0,"6WCR A/Puerto Rico/8/1934 (H1) HA1(7-327)/HA2(1-162)"
"H1N1seasonal","H1","H1 numbering",213,202,"HA1","H1 HA1 202","N","N",TRUE,FALSE,"pairwise_align_to_H1_frame_ref_6WCR",0,"6WCR A/Puerto Rico/8/1934 (H1) HA1(7-327)/HA2(1-162)"
"H1N1seasonal","H1","H1 numbering",214,203,"HA1","H1 HA1 203","A","A",TRUE,FALSE,"pairwise_align_to_H1_frame_ref_6WCR",0,"6WCR A/Puerto Rico/8/1934 (H1) HA1(7-327)/HA2(1-162)"
"H1N1seasonal","H1","H1 numbering",215,204,"HA1","H1 HA1 204","Y","Y",TRUE,FALSE,"pairwise_align_to_H1_frame_ref_6WCR",0,"6WCR A/Puerto Rico/8/1934 (H1) HA1(7-327)/HA2(1-162)"
"H1N1seasonal","H1","H1 numbering",216,205,"HA1","H1 HA1 205","V","V",TRUE,FALSE,"pairwise_align_to_H1_frame_ref_6WCR",0,"6WCR A/Puerto Rico/8/1934 (H1) HA1(7-327)/HA2(1-162)"
"H1N1seasonal","H1","H1 numbering",217,206,"HA1","H1 HA1 206","S","S",TRUE,FALSE,"pairwise_align_to_H1_frame_ref_6WCR",0,"6WCR A/Puerto Rico/8/1934 (H1) HA1(7-327)/HA2(1-162)"
"H1N1seasonal","H1","H1 numbering",218,207,"HA1","H1 HA1 207","V","V",TRUE,FALSE,"pairwise_align_to_H1_frame_ref_6WCR",0,"6WCR A/Puerto Rico/8/1934 (H1) HA1(7-327)/HA2(1-162)"
"H1N1seasonal","H1","H1 numbering",219,208,"HA1","H1 HA1 208","V","V",TRUE,FALSE,"pairwise_align_to_H1_frame_ref_6WCR",0,"6WCR A/Puerto Rico/8/1934 (H1) HA1(7-327)/HA2(1-162)"
"H1N1seasonal","H1","H1 numbering",220,209,"HA1","H1 HA1 209","S","S",TRUE,FALSE,"pairwise_align_to_H1_frame_ref_6WCR",0,"6WCR A/Puerto Rico/8/1934 (H1) HA1(7-327)/HA2(1-162)"
"H1N1seasonal","H1","H1 numbering",221,210,"HA1","H1 HA1 210","S","S",TRUE,FALSE,"pairwise_align_to_H1_frame_ref_6WCR",0,"6WCR A/Puerto Rico/8/1934 (H1) HA1(7-327)/HA2(1-162)"
"H1N1seasonal","H1","H1 numbering",222,211,"HA1","H1 HA1 211","H","H",TRUE,FALSE,"pairwise_align_to_H1_frame_ref_6WCR",0,"6WCR A/Puerto Rico/8/1934 (H1) HA1(7-327)/HA2(1-162)"
"H1N1seasonal","H1","H1 numbering",223,212,"HA1","H1 HA1 212","Y","Y",TRUE,FALSE,"pairwise_align_to_H1_frame_ref_6WCR",0,"6WCR A/Puerto Rico/8/1934 (H1) HA1(7-327)/HA2(1-162)"
"H1N1seasonal","H1","H1 numbering",224,213,"HA1","H1 HA1 213","S","S",TRUE,FALSE,"pairwise_align_to_H1_frame_ref_6WCR",0,"6WCR A/Puerto Rico/8/1934 (H1) HA1(7-327)/HA2(1-162)"
"H1N1seasonal","H1","H1 numbering",225,214,"HA1","H1 HA1 214","R","R",TRUE,FALSE,"pairwise_align_to_H1_frame_ref_6WCR",0,"6WCR A/Puerto Rico/8/1934 (H1) HA1(7-327)/HA2(1-162)"
"H1N1seasonal","H1","H1 numbering",226,215,"HA1","H1 HA1 215","K","K",TRUE,FALSE,"pairwise_align_to_H1_frame_ref_6WCR",0,"6WCR A/Puerto Rico/8/1934 (H1) HA1(7-327)/HA2(1-162)"
"H1N1seasonal","H1","H1 numbering",227,216,"HA1","H1 HA1 216","F","F",TRUE,FALSE,"pairwise_align_to_H1_frame_ref_6WCR",0,"6WCR A/Puerto Rico/8/1934 (H1) HA1(7-327)/HA2(1-162)"
"H1N1seasonal","H1","H1 numbering",228,217,"HA1","H1 HA1 217","T","T",TRUE,FALSE,"pairwise_align_to_H1_frame_ref_6WCR",0,"6WCR A/Puerto Rico/8/1934 (H1) HA1(7-327)/HA2(1-162)"
"H1N1seasonal","H1","H1 numbering",229,218,"HA1","H1 HA1 218","P","P",TRUE,FALSE,"pairwise_align_to_H1_frame_ref_6WCR",0,"6WCR A/Puerto Rico/8/1934 (H1) HA1(7-327)/HA2(1-162)"
"H1N1seasonal","H1","H1 numbering",230,219,"HA1","H1 HA1 219","E","E",TRUE,FALSE,"pairwise_align_to_H1_frame_ref_6WCR",0,"6WCR A/Puerto Rico/8/1934 (H1) HA1(7-327)/HA2(1-162)"
"H1N1seasonal","H1","H1 numbering",231,220,"HA1","H1 HA1 220","I","I",TRUE,FALSE,"pairwise_align_to_H1_frame_ref_6WCR",0,"6WCR A/Puerto Rico/8/1934 (H1) HA1(7-327)/HA2(1-162)"
"H1N1seasonal","H1","H1 numbering",232,221,"HA1","H1 HA1 221","A","A",TRUE,FALSE,"pairwise_align_to_H1_frame_ref_6WCR",0,"6WCR A/Puerto Rico/8/1934 (H1) HA1(7-327)/HA2(1-162)"
"H1N1seasonal","H1","H1 numbering",233,222,"HA1","H1 HA1 222","K","K",TRUE,FALSE,"pairwise_align_to_H1_frame_ref_6WCR",0,"6WCR A/Puerto Rico/8/1934 (H1) HA1(7-327)/HA2(1-162)"
"H1N1seasonal","H1","H1 numbering",234,223,"HA1","H1 HA1 223","R","R",TRUE,FALSE,"pairwise_align_to_H1_frame_ref_6WCR",0,"6WCR A/Puerto Rico/8/1934 (H1) HA1(7-327)/HA2(1-162)"
"H1N1seasonal","H1","H1 numbering",235,224,"HA1","H1 HA1 224","P","P",TRUE,FALSE,"pairwise_align_to_H1_frame_ref_6WCR",0,"6WCR A/Puerto Rico/8/1934 (H1) HA1(7-327)/HA2(1-162)"
"H1N1seasonal","H1","H1 numbering",236,225,"HA1","H1 HA1 225","K","K",TRUE,FALSE,"pairwise_align_to_H1_frame_ref_6WCR",0,"6WCR A/Puerto Rico/8/1934 (H1) HA1(7-327)/HA2(1-162)"
"H1N1seasonal","H1","H1 numbering",237,226,"HA1","H1 HA1 226","V","V",TRUE,FALSE,"pairwise_align_to_H1_frame_ref_6WCR",0,"6WCR A/Puerto Rico/8/1934 (H1) HA1(7-327)/HA2(1-162)"
"H1N1seasonal","H1","H1 numbering",238,227,"HA1","H1 HA1 227","R","R",TRUE,FALSE,"pairwise_align_to_H1_frame_ref_6WCR",0,"6WCR A/Puerto Rico/8/1934 (H1) HA1(7-327)/HA2(1-162)"
"H1N1seasonal","H1","H1 numbering",239,228,"HA1","H1 HA1 228","D","D",TRUE,FALSE,"pairwise_align_to_H1_frame_ref_6WCR",0,"6WCR A/Puerto Rico/8/1934 (H1) HA1(7-327)/HA2(1-162)"
"H1N1seasonal","H1","H1 numbering",240,229,"HA1","H1 HA1 229","Q","Q",TRUE,FALSE,"pairwise_align_to_H1_frame_ref_6WCR",0,"6WCR A/Puerto Rico/8/1934 (H1) HA1(7-327)/HA2(1-162)"
"H1N1seasonal","H1","H1 numbering",241,230,"HA1","H1 HA1 230","E","E",TRUE,FALSE,"pairwise_align_to_H1_frame_ref_6WCR",0,"6WCR A/Puerto Rico/8/1934 (H1) HA1(7-327)/HA2(1-162)"
"H1N1seasonal","H1","H1 numbering",242,231,"HA1","H1 HA1 231","G","G",TRUE,FALSE,"pairwise_align_to_H1_frame_ref_6WCR",0,"6WCR A/Puerto Rico/8/1934 (H1) HA1(7-327)/HA2(1-162)"
"H1N1seasonal","H1","H1 numbering",243,232,"HA1","H1 HA1 232","R","R",TRUE,FALSE,"pairwise_align_to_H1_frame_ref_6WCR",0,"6WCR A/Puerto Rico/8/1934 (H1) HA1(7-327)/HA2(1-162)"
"H1N1seasonal","H1","H1 numbering",244,233,"HA1","H1 HA1 233","I","I",TRUE,FALSE,"pairwise_align_to_H1_frame_ref_6WCR",0,"6WCR A/Puerto Rico/8/1934 (H1) HA1(7-327)/HA2(1-162)"
"H1N1seasonal","H1","H1 numbering",245,234,"HA1","H1 HA1 234","N","N",TRUE,FALSE,"pairwise_align_to_H1_frame_ref_6WCR",0,"6WCR A/Puerto Rico/8/1934 (H1) HA1(7-327)/HA2(1-162)"
"H1N1seasonal","H1","H1 numbering",246,235,"HA1","H1 HA1 235","Y","Y",TRUE,FALSE,"pairwise_align_to_H1_frame_ref_6WCR",0,"6WCR A/Puerto Rico/8/1934 (H1) HA1(7-327)/HA2(1-162)"
"H1N1seasonal","H1","H1 numbering",247,236,"HA1","H1 HA1 236","Y","Y",TRUE,FALSE,"pairwise_align_to_H1_frame_ref_6WCR",0,"6WCR A/Puerto Rico/8/1934 (H1) HA1(7-327)/HA2(1-162)"
"H1N1seasonal","H1","H1 numbering",248,237,"HA1","H1 HA1 237","W","W",TRUE,FALSE,"pairwise_align_to_H1_frame_ref_6WCR",0,"6WCR A/Puerto Rico/8/1934 (H1) HA1(7-327)/HA2(1-162)"
"H1N1seasonal","H1","H1 numbering",249,238,"HA1","H1 HA1 238","T","T",TRUE,FALSE,"pairwise_align_to_H1_frame_ref_6WCR",0,"6WCR A/Puerto Rico/8/1934 (H1) HA1(7-327)/HA2(1-162)"
"H1N1seasonal","H1","H1 numbering",250,239,"HA1","H1 HA1 239","L","L",TRUE,FALSE,"pairwise_align_to_H1_frame_ref_6WCR",0,"6WCR A/Puerto Rico/8/1934 (H1) HA1(7-327)/HA2(1-162)"
"H1N1seasonal","H1","H1 numbering",251,240,"HA1","H1 HA1 240","L","L",TRUE,FALSE,"pairwise_align_to_H1_frame_ref_6WCR",0,"6WCR A/Puerto Rico/8/1934 (H1) HA1(7-327)/HA2(1-162)"
"H1N1seasonal","H1","H1 numbering",252,241,"HA1","H1 HA1 241","E","E",TRUE,FALSE,"pairwise_align_to_H1_frame_ref_6WCR",0,"6WCR A/Puerto Rico/8/1934 (H1) HA1(7-327)/HA2(1-162)"
"H1N1seasonal","H1","H1 numbering",253,242,"HA1","H1 HA1 242","P","P",TRUE,FALSE,"pairwise_align_to_H1_frame_ref_6WCR",0,"6WCR A/Puerto Rico/8/1934 (H1) HA1(7-327)/HA2(1-162)"
"H1N1seasonal","H1","H1 numbering",254,243,"HA1","H1 HA1 243","G","G",TRUE,FALSE,"pairwise_align_to_H1_frame_ref_6WCR",0,"6WCR A/Puerto Rico/8/1934 (H1) HA1(7-327)/HA2(1-162)"
"H1N1seasonal","H1","H1 numbering",255,244,"HA1","H1 HA1 244","D","D",TRUE,FALSE,"pairwise_align_to_H1_frame_ref_6WCR",0,"6WCR A/Puerto Rico/8/1934 (H1) HA1(7-327)/HA2(1-162)"
"H1N1seasonal","H1","H1 numbering",256,245,"HA1","H1 HA1 245","T","T",TRUE,FALSE,"pairwise_align_to_H1_frame_ref_6WCR",0,"6WCR A/Puerto Rico/8/1934 (H1) HA1(7-327)/HA2(1-162)"
"H1N1seasonal","H1","H1 numbering",257,246,"HA1","H1 HA1 246","I","I",TRUE,FALSE,"pairwise_align_to_H1_frame_ref_6WCR",0,"6WCR A/Puerto Rico/8/1934 (H1) HA1(7-327)/HA2(1-162)"
"H1N1seasonal","H1","H1 numbering",258,247,"HA1","H1 HA1 247","I","I",TRUE,FALSE,"pairwise_align_to_H1_frame_ref_6WCR",0,"6WCR A/Puerto Rico/8/1934 (H1) HA1(7-327)/HA2(1-162)"
"H1N1seasonal","H1","H1 numbering",259,248,"HA1","H1 HA1 248","F","F",TRUE,FALSE,"pairwise_align_to_H1_frame_ref_6WCR",0,"6WCR A/Puerto Rico/8/1934 (H1) HA1(7-327)/HA2(1-162)"
"H1N1seasonal","H1","H1 numbering",260,249,"HA1","H1 HA1 249","E","E",TRUE,FALSE,"pairwise_align_to_H1_frame_ref_6WCR",0,"6WCR A/Puerto Rico/8/1934 (H1) HA1(7-327)/HA2(1-162)"
"H1N1seasonal","H1","H1 numbering",261,250,"HA1","H1 HA1 250","A","A",TRUE,FALSE,"pairwise_align_to_H1_frame_ref_6WCR",0,"6WCR A/Puerto Rico/8/1934 (H1) HA1(7-327)/HA2(1-162)"
"H1N1seasonal","H1","H1 numbering",262,251,"HA1","H1 HA1 251","N","N",TRUE,FALSE,"pairwise_align_to_H1_frame_ref_6WCR",0,"6WCR A/Puerto Rico/8/1934 (H1) HA1(7-327)/HA2(1-162)"
"H1N1seasonal","H1","H1 numbering",263,252,"HA1","H1 HA1 252","G","G",TRUE,FALSE,"pairwise_align_to_H1_frame_ref_6WCR",0,"6WCR A/Puerto Rico/8/1934 (H1) HA1(7-327)/HA2(1-162)"
"H1N1seasonal","H1","H1 numbering",264,253,"HA1","H1 HA1 253","N","N",TRUE,FALSE,"pairwise_align_to_H1_frame_ref_6WCR",0,"6WCR A/Puerto Rico/8/1934 (H1) HA1(7-327)/HA2(1-162)"
"H1N1seasonal","H1","H1 numbering",265,254,"HA1","H1 HA1 254","L","L",TRUE,FALSE,"pairwise_align_to_H1_frame_ref_6WCR",0,"6WCR A/Puerto Rico/8/1934 (H1) HA1(7-327)/HA2(1-162)"
"H1N1seasonal","H1","H1 numbering",266,255,"HA1","H1 HA1 255","I","I",TRUE,FALSE,"pairwise_align_to_H1_frame_ref_6WCR",0,"6WCR A/Puerto Rico/8/1934 (H1) HA1(7-327)/HA2(1-162)"
"H1N1seasonal","H1","H1 numbering",267,256,"HA1","H1 HA1 256","A","A",TRUE,FALSE,"pairwise_align_to_H1_frame_ref_6WCR",0,"6WCR A/Puerto Rico/8/1934 (H1) HA1(7-327)/HA2(1-162)"
"H1N1seasonal","H1","H1 numbering",268,257,"HA1","H1 HA1 257","P","P",TRUE,FALSE,"pairwise_align_to_H1_frame_ref_6WCR",0,"6WCR A/Puerto Rico/8/1934 (H1) HA1(7-327)/HA2(1-162)"
"H1N1seasonal","H1","H1 numbering",269,258,"HA1","H1 HA1 258","R","R",TRUE,FALSE,"pairwise_align_to_H1_frame_ref_6WCR",0,"6WCR A/Puerto Rico/8/1934 (H1) HA1(7-327)/HA2(1-162)"
"H1N1seasonal","H1","H1 numbering",270,259,"HA1","H1 HA1 259","Y","Y",TRUE,FALSE,"pairwise_align_to_H1_frame_ref_6WCR",0,"6WCR A/Puerto Rico/8/1934 (H1) HA1(7-327)/HA2(1-162)"
"H1N1seasonal","H1","H1 numbering",271,260,"HA1","H1 HA1 260","A","A",TRUE,FALSE,"pairwise_align_to_H1_frame_ref_6WCR",0,"6WCR A/Puerto Rico/8/1934 (H1) HA1(7-327)/HA2(1-162)"
"H1N1seasonal","H1","H1 numbering",272,261,"HA1","H1 HA1 261","F","F",TRUE,FALSE,"pairwise_align_to_H1_frame_ref_6WCR",0,"6WCR A/Puerto Rico/8/1934 (H1) HA1(7-327)/HA2(1-162)"
"H1N1seasonal","H1","H1 numbering",273,262,"HA1","H1 HA1 262","A","A",TRUE,FALSE,"pairwise_align_to_H1_frame_ref_6WCR",0,"6WCR A/Puerto Rico/8/1934 (H1) HA1(7-327)/HA2(1-162)"
"H1N1seasonal","H1","H1 numbering",274,263,"HA1","H1 HA1 263","L","L",TRUE,FALSE,"pairwise_align_to_H1_frame_ref_6WCR",0,"6WCR A/Puerto Rico/8/1934 (H1) HA1(7-327)/HA2(1-162)"
"H1N1seasonal","H1","H1 numbering",275,264,"HA1","H1 HA1 264","S","S",TRUE,FALSE,"pairwise_align_to_H1_frame_ref_6WCR",0,"6WCR A/Puerto Rico/8/1934 (H1) HA1(7-327)/HA2(1-162)"
"H1N1seasonal","H1","H1 numbering",276,265,"HA1","H1 HA1 265","R","R",TRUE,FALSE,"pairwise_align_to_H1_frame_ref_6WCR",0,"6WCR A/Puerto Rico/8/1934 (H1) HA1(7-327)/HA2(1-162)"
"H1N1seasonal","H1","H1 numbering",277,266,"HA1","H1 HA1 266","G","G",TRUE,FALSE,"pairwise_align_to_H1_frame_ref_6WCR",0,"6WCR A/Puerto Rico/8/1934 (H1) HA1(7-327)/HA2(1-162)"
"H1N1seasonal","H1","H1 numbering",278,267,"HA1","H1 HA1 267","F","F",TRUE,FALSE,"pairwise_align_to_H1_frame_ref_6WCR",0,"6WCR A/Puerto Rico/8/1934 (H1) HA1(7-327)/HA2(1-162)"
"H1N1seasonal","H1","H1 numbering",279,268,"HA1","H1 HA1 268","G","G",TRUE,FALSE,"pairwise_align_to_H1_frame_ref_6WCR",0,"6WCR A/Puerto Rico/8/1934 (H1) HA1(7-327)/HA2(1-162)"
"H1N1seasonal","H1","H1 numbering",280,269,"HA1","H1 HA1 269","S","S",TRUE,FALSE,"pairwise_align_to_H1_frame_ref_6WCR",0,"6WCR A/Puerto Rico/8/1934 (H1) HA1(7-327)/HA2(1-162)"
"H1N1seasonal","H1","H1 numbering",281,270,"HA1","H1 HA1 270","G","G",TRUE,FALSE,"pairwise_align_to_H1_frame_ref_6WCR",0,"6WCR A/Puerto Rico/8/1934 (H1) HA1(7-327)/HA2(1-162)"
"H1N1seasonal","H1","H1 numbering",282,271,"HA1","H1 HA1 271","I","I",TRUE,FALSE,"pairwise_align_to_H1_frame_ref_6WCR",0,"6WCR A/Puerto Rico/8/1934 (H1) HA1(7-327)/HA2(1-162)"
"H1N1seasonal","H1","H1 numbering",283,272,"HA1","H1 HA1 272","I","I",TRUE,FALSE,"pairwise_align_to_H1_frame_ref_6WCR",0,"6WCR A/Puerto Rico/8/1934 (H1) HA1(7-327)/HA2(1-162)"
"H1N1seasonal","H1","H1 numbering",284,273,"HA1","H1 HA1 273","N","N",TRUE,FALSE,"pairwise_align_to_H1_frame_ref_6WCR",0,"6WCR A/Puerto Rico/8/1934 (H1) HA1(7-327)/HA2(1-162)"
"H1N1seasonal","H1","H1 numbering",285,274,"HA1","H1 HA1 274","S","S",TRUE,FALSE,"pairwise_align_to_H1_frame_ref_6WCR",0,"6WCR A/Puerto Rico/8/1934 (H1) HA1(7-327)/HA2(1-162)"
"H1N1seasonal","H1","H1 numbering",286,275,"HA1","H1 HA1 275","N","N",TRUE,FALSE,"pairwise_align_to_H1_frame_ref_6WCR",0,"6WCR A/Puerto Rico/8/1934 (H1) HA1(7-327)/HA2(1-162)"
"H1N1seasonal","H1","H1 numbering",287,276,"HA1","H1 HA1 276","A","A",TRUE,FALSE,"pairwise_align_to_H1_frame_ref_6WCR",0,"6WCR A/Puerto Rico/8/1934 (H1) HA1(7-327)/HA2(1-162)"
"H1N1seasonal","H1","H1 numbering",288,277,"HA1","H1 HA1 277","P","P",TRUE,FALSE,"pairwise_align_to_H1_frame_ref_6WCR",0,"6WCR A/Puerto Rico/8/1934 (H1) HA1(7-327)/HA2(1-162)"
"H1N1seasonal","H1","H1 numbering",289,278,"HA1","H1 HA1 278","M","M",TRUE,FALSE,"pairwise_align_to_H1_frame_ref_6WCR",0,"6WCR A/Puerto Rico/8/1934 (H1) HA1(7-327)/HA2(1-162)"
"H1N1seasonal","H1","H1 numbering",290,279,"HA1","H1 HA1 279","D","D",TRUE,FALSE,"pairwise_align_to_H1_frame_ref_6WCR",0,"6WCR A/Puerto Rico/8/1934 (H1) HA1(7-327)/HA2(1-162)"
"H1N1seasonal","H1","H1 numbering",291,280,"HA1","H1 HA1 280","E","E",TRUE,FALSE,"pairwise_align_to_H1_frame_ref_6WCR",0,"6WCR A/Puerto Rico/8/1934 (H1) HA1(7-327)/HA2(1-162)"
"H1N1seasonal","H1","H1 numbering",292,281,"HA1","H1 HA1 281","C","C",TRUE,FALSE,"pairwise_align_to_H1_frame_ref_6WCR",0,"6WCR A/Puerto Rico/8/1934 (H1) HA1(7-327)/HA2(1-162)"
"H1N1seasonal","H1","H1 numbering",293,282,"HA1","H1 HA1 282","D","D",TRUE,FALSE,"pairwise_align_to_H1_frame_ref_6WCR",0,"6WCR A/Puerto Rico/8/1934 (H1) HA1(7-327)/HA2(1-162)"
"H1N1seasonal","H1","H1 numbering",294,283,"HA1","H1 HA1 283","A","A",TRUE,FALSE,"pairwise_align_to_H1_frame_ref_6WCR",0,"6WCR A/Puerto Rico/8/1934 (H1) HA1(7-327)/HA2(1-162)"
"H1N1seasonal","H1","H1 numbering",295,284,"HA1","H1 HA1 284","K","K",TRUE,FALSE,"pairwise_align_to_H1_frame_ref_6WCR",0,"6WCR A/Puerto Rico/8/1934 (H1) HA1(7-327)/HA2(1-162)"
"H1N1seasonal","H1","H1 numbering",296,285,"HA1","H1 HA1 285","C","C",TRUE,FALSE,"pairwise_align_to_H1_frame_ref_6WCR",0,"6WCR A/Puerto Rico/8/1934 (H1) HA1(7-327)/HA2(1-162)"
"H1N1seasonal","H1","H1 numbering",297,286,"HA1","H1 HA1 286","Q","Q",TRUE,FALSE,"pairwise_align_to_H1_frame_ref_6WCR",0,"6WCR A/Puerto Rico/8/1934 (H1) HA1(7-327)/HA2(1-162)"
"H1N1seasonal","H1","H1 numbering",298,287,"HA1","H1 HA1 287","T","T",TRUE,FALSE,"pairwise_align_to_H1_frame_ref_6WCR",0,"6WCR A/Puerto Rico/8/1934 (H1) HA1(7-327)/HA2(1-162)"
"H1N1seasonal","H1","H1 numbering",299,288,"HA1","H1 HA1 288","P","P",TRUE,FALSE,"pairwise_align_to_H1_frame_ref_6WCR",0,"6WCR A/Puerto Rico/8/1934 (H1) HA1(7-327)/HA2(1-162)"
"H1N1seasonal","H1","H1 numbering",300,289,"HA1","H1 HA1 289","Q","Q",TRUE,FALSE,"pairwise_align_to_H1_frame_ref_6WCR",0,"6WCR A/Puerto Rico/8/1934 (H1) HA1(7-327)/HA2(1-162)"
"H1N1seasonal","H1","H1 numbering",301,290,"HA1","H1 HA1 290","G","G",TRUE,FALSE,"pairwise_align_to_H1_frame_ref_6WCR",0,"6WCR A/Puerto Rico/8/1934 (H1) HA1(7-327)/HA2(1-162)"
"H1N1seasonal","H1","H1 numbering",302,291,"HA1","H1 HA1 291","A","A",TRUE,FALSE,"pairwise_align_to_H1_frame_ref_6WCR",0,"6WCR A/Puerto Rico/8/1934 (H1) HA1(7-327)/HA2(1-162)"
"H1N1seasonal","H1","H1 numbering",303,292,"HA1","H1 HA1 292","I","I",TRUE,FALSE,"pairwise_align_to_H1_frame_ref_6WCR",0,"6WCR A/Puerto Rico/8/1934 (H1) HA1(7-327)/HA2(1-162)"
"H1N1seasonal","H1","H1 numbering",304,293,"HA1","H1 HA1 293","N","N",TRUE,FALSE,"pairwise_align_to_H1_frame_ref_6WCR",0,"6WCR A/Puerto Rico/8/1934 (H1) HA1(7-327)/HA2(1-162)"
"H1N1seasonal","H1","H1 numbering",305,294,"HA1","H1 HA1 294","S","S",TRUE,FALSE,"pairwise_align_to_H1_frame_ref_6WCR",0,"6WCR A/Puerto Rico/8/1934 (H1) HA1(7-327)/HA2(1-162)"
"H1N1seasonal","H1","H1 numbering",306,295,"HA1","H1 HA1 295","S","S",TRUE,FALSE,"pairwise_align_to_H1_frame_ref_6WCR",0,"6WCR A/Puerto Rico/8/1934 (H1) HA1(7-327)/HA2(1-162)"
"H1N1seasonal","H1","H1 numbering",307,296,"HA1","H1 HA1 296","L","L",TRUE,FALSE,"pairwise_align_to_H1_frame_ref_6WCR",0,"6WCR A/Puerto Rico/8/1934 (H1) HA1(7-327)/HA2(1-162)"
"H1N1seasonal","H1","H1 numbering",308,297,"HA1","H1 HA1 297","P","P",TRUE,FALSE,"pairwise_align_to_H1_frame_ref_6WCR",0,"6WCR A/Puerto Rico/8/1934 (H1) HA1(7-327)/HA2(1-162)"
"H1N1seasonal","H1","H1 numbering",309,298,"HA1","H1 HA1 298","F","F",TRUE,FALSE,"pairwise_align_to_H1_frame_ref_6WCR",0,"6WCR A/Puerto Rico/8/1934 (H1) HA1(7-327)/HA2(1-162)"
"H1N1seasonal","H1","H1 numbering",310,299,"HA1","H1 HA1 299","Q","Q",TRUE,FALSE,"pairwise_align_to_H1_frame_ref_6WCR",0,"6WCR A/Puerto Rico/8/1934 (H1) HA1(7-327)/HA2(1-162)"
"H1N1seasonal","H1","H1 numbering",311,300,"HA1","H1 HA1 300","N","N",TRUE,FALSE,"pairwise_align_to_H1_frame_ref_6WCR",0,"6WCR A/Puerto Rico/8/1934 (H1) HA1(7-327)/HA2(1-162)"
"H1N1seasonal","H1","H1 numbering",312,301,"HA1","H1 HA1 301","V","V",TRUE,FALSE,"pairwise_align_to_H1_frame_ref_6WCR",0,"6WCR A/Puerto Rico/8/1934 (H1) HA1(7-327)/HA2(1-162)"
"H1N1seasonal","H1","H1 numbering",313,302,"HA1","H1 HA1 302","H","H",TRUE,FALSE,"pairwise_align_to_H1_frame_ref_6WCR",0,"6WCR A/Puerto Rico/8/1934 (H1) HA1(7-327)/HA2(1-162)"
"H1N1seasonal","H1","H1 numbering",314,303,"HA1","H1 HA1 303","P","P",TRUE,FALSE,"pairwise_align_to_H1_frame_ref_6WCR",0,"6WCR A/Puerto Rico/8/1934 (H1) HA1(7-327)/HA2(1-162)"
"H1N1seasonal","H1","H1 numbering",315,304,"HA1","H1 HA1 304","V","V",TRUE,FALSE,"pairwise_align_to_H1_frame_ref_6WCR",0,"6WCR A/Puerto Rico/8/1934 (H1) HA1(7-327)/HA2(1-162)"
"H1N1seasonal","H1","H1 numbering",316,305,"HA1","H1 HA1 305","T","T",TRUE,FALSE,"pairwise_align_to_H1_frame_ref_6WCR",0,"6WCR A/Puerto Rico/8/1934 (H1) HA1(7-327)/HA2(1-162)"
"H1N1seasonal","H1","H1 numbering",317,306,"HA1","H1 HA1 306","I","I",TRUE,FALSE,"pairwise_align_to_H1_frame_ref_6WCR",0,"6WCR A/Puerto Rico/8/1934 (H1) HA1(7-327)/HA2(1-162)"
"H1N1seasonal","H1","H1 numbering",318,307,"HA1","H1 HA1 307","G","G",TRUE,FALSE,"pairwise_align_to_H1_frame_ref_6WCR",0,"6WCR A/Puerto Rico/8/1934 (H1) HA1(7-327)/HA2(1-162)"
"H1N1seasonal","H1","H1 numbering",319,308,"HA1","H1 HA1 308","E","E",TRUE,FALSE,"pairwise_align_to_H1_frame_ref_6WCR",0,"6WCR A/Puerto Rico/8/1934 (H1) HA1(7-327)/HA2(1-162)"
"H1N1seasonal","H1","H1 numbering",320,309,"HA1","H1 HA1 309","C","C",TRUE,FALSE,"pairwise_align_to_H1_frame_ref_6WCR",0,"6WCR A/Puerto Rico/8/1934 (H1) HA1(7-327)/HA2(1-162)"
"H1N1seasonal","H1","H1 numbering",321,310,"HA1","H1 HA1 310","P","P",TRUE,FALSE,"pairwise_align_to_H1_frame_ref_6WCR",0,"6WCR A/Puerto Rico/8/1934 (H1) HA1(7-327)/HA2(1-162)"
"H1N1seasonal","H1","H1 numbering",322,311,"HA1","H1 HA1 311","K","K",TRUE,FALSE,"pairwise_align_to_H1_frame_ref_6WCR",0,"6WCR A/Puerto Rico/8/1934 (H1) HA1(7-327)/HA2(1-162)"
"H1N1seasonal","H1","H1 numbering",323,312,"HA1","H1 HA1 312","Y","Y",TRUE,FALSE,"pairwise_align_to_H1_frame_ref_6WCR",0,"6WCR A/Puerto Rico/8/1934 (H1) HA1(7-327)/HA2(1-162)"
"H1N1seasonal","H1","H1 numbering",324,313,"HA1","H1 HA1 313","V","V",TRUE,FALSE,"pairwise_align_to_H1_frame_ref_6WCR",0,"6WCR A/Puerto Rico/8/1934 (H1) HA1(7-327)/HA2(1-162)"
"H1N1seasonal","H1","H1 numbering",325,314,"HA1","H1 HA1 314","R","R",TRUE,FALSE,"pairwise_align_to_H1_frame_ref_6WCR",0,"6WCR A/Puerto Rico/8/1934 (H1) HA1(7-327)/HA2(1-162)"
"H1N1seasonal","H1","H1 numbering",326,315,"HA1","H1 HA1 315","S","S",TRUE,FALSE,"pairwise_align_to_H1_frame_ref_6WCR",0,"6WCR A/Puerto Rico/8/1934 (H1) HA1(7-327)/HA2(1-162)"
"H1N1seasonal","H1","H1 numbering",327,316,"HA1","H1 HA1 316","A","A",TRUE,FALSE,"pairwise_align_to_H1_frame_ref_6WCR",0,"6WCR A/Puerto Rico/8/1934 (H1) HA1(7-327)/HA2(1-162)"
"H1N1seasonal","H1","H1 numbering",328,317,"HA1","H1 HA1 317","K","K",TRUE,FALSE,"pairwise_align_to_H1_frame_ref_6WCR",0,"6WCR A/Puerto Rico/8/1934 (H1) HA1(7-327)/HA2(1-162)"
"H1N1seasonal","H1","H1 numbering",329,318,"HA1","H1 HA1 318","L","L",TRUE,FALSE,"pairwise_align_to_H1_frame_ref_6WCR",0,"6WCR A/Puerto Rico/8/1934 (H1) HA1(7-327)/HA2(1-162)"
"H1N1seasonal","H1","H1 numbering",330,319,"HA1","H1 HA1 319","R","R",TRUE,FALSE,"pairwise_align_to_H1_frame_ref_6WCR",0,"6WCR A/Puerto Rico/8/1934 (H1) HA1(7-327)/HA2(1-162)"
"H1N1seasonal","H1","H1 numbering",331,320,"HA1","H1 HA1 320","M","M",TRUE,FALSE,"pairwise_align_to_H1_frame_ref_6WCR",0,"6WCR A/Puerto Rico/8/1934 (H1) HA1(7-327)/HA2(1-162)"
"H1N1seasonal","H1","H1 numbering",332,321,"HA1","H1 HA1 321","V","V",TRUE,FALSE,"pairwise_align_to_H1_frame_ref_6WCR",0,"6WCR A/Puerto Rico/8/1934 (H1) HA1(7-327)/HA2(1-162)"
"H1N1seasonal","H1","H1 numbering",333,322,"HA1","H1 HA1 322","T","T",TRUE,FALSE,"pairwise_align_to_H1_frame_ref_6WCR",0,"6WCR A/Puerto Rico/8/1934 (H1) HA1(7-327)/HA2(1-162)"
"H1N1seasonal","H1","H1 numbering",334,323,"HA1","H1 HA1 323","G","G",TRUE,FALSE,"pairwise_align_to_H1_frame_ref_6WCR",0,"6WCR A/Puerto Rico/8/1934 (H1) HA1(7-327)/HA2(1-162)"
"H1N1seasonal","H1","H1 numbering",335,324,"HA1","H1 HA1 324","L","L",TRUE,FALSE,"pairwise_align_to_H1_frame_ref_6WCR",0,"6WCR A/Puerto Rico/8/1934 (H1) HA1(7-327)/HA2(1-162)"
"H1N1seasonal","H1","H1 numbering",336,325,"HA1","H1 HA1 325","R","R",TRUE,FALSE,"pairwise_align_to_H1_frame_ref_6WCR",0,"6WCR A/Puerto Rico/8/1934 (H1) HA1(7-327)/HA2(1-162)"
"H1N1seasonal","H1","H1 numbering",337,326,"HA1","H1 HA1 326","N","N",TRUE,FALSE,"pairwise_align_to_H1_frame_ref_6WCR",0,"6WCR A/Puerto Rico/8/1934 (H1) HA1(7-327)/HA2(1-162)"
"H1N1seasonal","H1","H1 numbering",338,327,"HA1","H1 HA1 327","I","I",TRUE,FALSE,"pairwise_align_to_H1_frame_ref_6WCR",0,"6WCR A/Puerto Rico/8/1934 (H1) HA1(7-327)/HA2(1-162)"
"H1N1seasonal","H1","H1 numbering",345,1,"HA2","H1 HA2 1","G","G",TRUE,FALSE,"pairwise_align_to_H1_frame_ref_6WCR",0,"6WCR A/Puerto Rico/8/1934 (H1) HA1(7-327)/HA2(1-162)"
"H1N1seasonal","H1","H1 numbering",346,2,"HA2","H1 HA2 2","L","L",TRUE,FALSE,"pairwise_align_to_H1_frame_ref_6WCR",0,"6WCR A/Puerto Rico/8/1934 (H1) HA1(7-327)/HA2(1-162)"
"H1N1seasonal","H1","H1 numbering",347,3,"HA2","H1 HA2 3","F","F",TRUE,FALSE,"pairwise_align_to_H1_frame_ref_6WCR",0,"6WCR A/Puerto Rico/8/1934 (H1) HA1(7-327)/HA2(1-162)"
"H1N1seasonal","H1","H1 numbering",348,4,"HA2","H1 HA2 4","G","G",TRUE,FALSE,"pairwise_align_to_H1_frame_ref_6WCR",0,"6WCR A/Puerto Rico/8/1934 (H1) HA1(7-327)/HA2(1-162)"
"H1N1seasonal","H1","H1 numbering",349,5,"HA2","H1 HA2 5","A","A",TRUE,FALSE,"pairwise_align_to_H1_frame_ref_6WCR",0,"6WCR A/Puerto Rico/8/1934 (H1) HA1(7-327)/HA2(1-162)"
"H1N1seasonal","H1","H1 numbering",350,6,"HA2","H1 HA2 6","I","I",TRUE,FALSE,"pairwise_align_to_H1_frame_ref_6WCR",0,"6WCR A/Puerto Rico/8/1934 (H1) HA1(7-327)/HA2(1-162)"
"H1N1seasonal","H1","H1 numbering",351,7,"HA2","H1 HA2 7","A","A",TRUE,FALSE,"pairwise_align_to_H1_frame_ref_6WCR",0,"6WCR A/Puerto Rico/8/1934 (H1) HA1(7-327)/HA2(1-162)"
"H1N1seasonal","H1","H1 numbering",352,8,"HA2","H1 HA2 8","G","G",TRUE,FALSE,"pairwise_align_to_H1_frame_ref_6WCR",0,"6WCR A/Puerto Rico/8/1934 (H1) HA1(7-327)/HA2(1-162)"
"H1N1seasonal","H1","H1 numbering",353,9,"HA2","H1 HA2 9","F","F",TRUE,FALSE,"pairwise_align_to_H1_frame_ref_6WCR",0,"6WCR A/Puerto Rico/8/1934 (H1) HA1(7-327)/HA2(1-162)"
"H1N1seasonal","H1","H1 numbering",354,10,"HA2","H1 HA2 10","I","I",TRUE,FALSE,"pairwise_align_to_H1_frame_ref_6WCR",0,"6WCR A/Puerto Rico/8/1934 (H1) HA1(7-327)/HA2(1-162)"
"H1N1seasonal","H1","H1 numbering",355,11,"HA2","H1 HA2 11","E","E",TRUE,FALSE,"pairwise_align_to_H1_frame_ref_6WCR",0,"6WCR A/Puerto Rico/8/1934 (H1) HA1(7-327)/HA2(1-162)"
"H1N1seasonal","H1","H1 numbering",356,12,"HA2","H1 HA2 12","G","G",TRUE,FALSE,"pairwise_align_to_H1_frame_ref_6WCR",0,"6WCR A/Puerto Rico/8/1934 (H1) HA1(7-327)/HA2(1-162)"
"H1N1seasonal","H1","H1 numbering",357,13,"HA2","H1 HA2 13","G","G",TRUE,FALSE,"pairwise_align_to_H1_frame_ref_6WCR",0,"6WCR A/Puerto Rico/8/1934 (H1) HA1(7-327)/HA2(1-162)"
"H1N1seasonal","H1","H1 numbering",358,14,"HA2","H1 HA2 14","W","W",TRUE,FALSE,"pairwise_align_to_H1_frame_ref_6WCR",0,"6WCR A/Puerto Rico/8/1934 (H1) HA1(7-327)/HA2(1-162)"
"H1N1seasonal","H1","H1 numbering",359,15,"HA2","H1 HA2 15","T","T",TRUE,FALSE,"pairwise_align_to_H1_frame_ref_6WCR",0,"6WCR A/Puerto Rico/8/1934 (H1) HA1(7-327)/HA2(1-162)"
"H1N1seasonal","H1","H1 numbering",360,16,"HA2","H1 HA2 16","G","G",TRUE,FALSE,"pairwise_align_to_H1_frame_ref_6WCR",0,"6WCR A/Puerto Rico/8/1934 (H1) HA1(7-327)/HA2(1-162)"
"H1N1seasonal","H1","H1 numbering",361,17,"HA2","H1 HA2 17","M","M",TRUE,FALSE,"pairwise_align_to_H1_frame_ref_6WCR",0,"6WCR A/Puerto Rico/8/1934 (H1) HA1(7-327)/HA2(1-162)"
"H1N1seasonal","H1","H1 numbering",362,18,"HA2","H1 HA2 18","V","V",TRUE,FALSE,"pairwise_align_to_H1_frame_ref_6WCR",0,"6WCR A/Puerto Rico/8/1934 (H1) HA1(7-327)/HA2(1-162)"
"H1N1seasonal","H1","H1 numbering",363,19,"HA2","H1 HA2 19","D","D",TRUE,FALSE,"pairwise_align_to_H1_frame_ref_6WCR",0,"6WCR A/Puerto Rico/8/1934 (H1) HA1(7-327)/HA2(1-162)"
"H1N1seasonal","H1","H1 numbering",364,20,"HA2","H1 HA2 20","G","G",TRUE,FALSE,"pairwise_align_to_H1_frame_ref_6WCR",0,"6WCR A/Puerto Rico/8/1934 (H1) HA1(7-327)/HA2(1-162)"
"H1N1seasonal","H1","H1 numbering",365,21,"HA2","H1 HA2 21","W","W",TRUE,FALSE,"pairwise_align_to_H1_frame_ref_6WCR",0,"6WCR A/Puerto Rico/8/1934 (H1) HA1(7-327)/HA2(1-162)"
"H1N1seasonal","H1","H1 numbering",366,22,"HA2","H1 HA2 22","Y","Y",TRUE,FALSE,"pairwise_align_to_H1_frame_ref_6WCR",0,"6WCR A/Puerto Rico/8/1934 (H1) HA1(7-327)/HA2(1-162)"
"H1N1seasonal","H1","H1 numbering",367,23,"HA2","H1 HA2 23","G","G",TRUE,FALSE,"pairwise_align_to_H1_frame_ref_6WCR",0,"6WCR A/Puerto Rico/8/1934 (H1) HA1(7-327)/HA2(1-162)"
"H1N1seasonal","H1","H1 numbering",368,24,"HA2","H1 HA2 24","Y","Y",TRUE,FALSE,"pairwise_align_to_H1_frame_ref_6WCR",0,"6WCR A/Puerto Rico/8/1934 (H1) HA1(7-327)/HA2(1-162)"
"H1N1seasonal","H1","H1 numbering",369,25,"HA2","H1 HA2 25","H","H",TRUE,FALSE,"pairwise_align_to_H1_frame_ref_6WCR",0,"6WCR A/Puerto Rico/8/1934 (H1) HA1(7-327)/HA2(1-162)"
"H1N1seasonal","H1","H1 numbering",370,26,"HA2","H1 HA2 26","H","H",TRUE,FALSE,"pairwise_align_to_H1_frame_ref_6WCR",0,"6WCR A/Puerto Rico/8/1934 (H1) HA1(7-327)/HA2(1-162)"
"H1N1seasonal","H1","H1 numbering",371,27,"HA2","H1 HA2 27","Q","Q",TRUE,FALSE,"pairwise_align_to_H1_frame_ref_6WCR",0,"6WCR A/Puerto Rico/8/1934 (H1) HA1(7-327)/HA2(1-162)"
"H1N1seasonal","H1","H1 numbering",372,28,"HA2","H1 HA2 28","N","N",TRUE,FALSE,"pairwise_align_to_H1_frame_ref_6WCR",0,"6WCR A/Puerto Rico/8/1934 (H1) HA1(7-327)/HA2(1-162)"
"H1N1seasonal","H1","H1 numbering",373,29,"HA2","H1 HA2 29","E","E",TRUE,FALSE,"pairwise_align_to_H1_frame_ref_6WCR",0,"6WCR A/Puerto Rico/8/1934 (H1) HA1(7-327)/HA2(1-162)"
"H1N1seasonal","H1","H1 numbering",374,30,"HA2","H1 HA2 30","Q","Q",TRUE,FALSE,"pairwise_align_to_H1_frame_ref_6WCR",0,"6WCR A/Puerto Rico/8/1934 (H1) HA1(7-327)/HA2(1-162)"
"H1N1seasonal","H1","H1 numbering",375,31,"HA2","H1 HA2 31","G","G",TRUE,FALSE,"pairwise_align_to_H1_frame_ref_6WCR",0,"6WCR A/Puerto Rico/8/1934 (H1) HA1(7-327)/HA2(1-162)"
"H1N1seasonal","H1","H1 numbering",376,32,"HA2","H1 HA2 32","S","S",TRUE,FALSE,"pairwise_align_to_H1_frame_ref_6WCR",0,"6WCR A/Puerto Rico/8/1934 (H1) HA1(7-327)/HA2(1-162)"
"H1N1seasonal","H1","H1 numbering",377,33,"HA2","H1 HA2 33","G","G",TRUE,FALSE,"pairwise_align_to_H1_frame_ref_6WCR",0,"6WCR A/Puerto Rico/8/1934 (H1) HA1(7-327)/HA2(1-162)"
"H1N1seasonal","H1","H1 numbering",378,34,"HA2","H1 HA2 34","Y","Y",TRUE,FALSE,"pairwise_align_to_H1_frame_ref_6WCR",0,"6WCR A/Puerto Rico/8/1934 (H1) HA1(7-327)/HA2(1-162)"
"H1N1seasonal","H1","H1 numbering",379,35,"HA2","H1 HA2 35","A","A",TRUE,FALSE,"pairwise_align_to_H1_frame_ref_6WCR",0,"6WCR A/Puerto Rico/8/1934 (H1) HA1(7-327)/HA2(1-162)"
"H1N1seasonal","H1","H1 numbering",380,36,"HA2","H1 HA2 36","A","A",TRUE,FALSE,"pairwise_align_to_H1_frame_ref_6WCR",0,"6WCR A/Puerto Rico/8/1934 (H1) HA1(7-327)/HA2(1-162)"
"H1N1seasonal","H1","H1 numbering",381,37,"HA2","H1 HA2 37","D","D",TRUE,FALSE,"pairwise_align_to_H1_frame_ref_6WCR",0,"6WCR A/Puerto Rico/8/1934 (H1) HA1(7-327)/HA2(1-162)"
"H1N1seasonal","H1","H1 numbering",382,38,"HA2","H1 HA2 38","Q","Q",TRUE,FALSE,"pairwise_align_to_H1_frame_ref_6WCR",0,"6WCR A/Puerto Rico/8/1934 (H1) HA1(7-327)/HA2(1-162)"
"H1N1seasonal","H1","H1 numbering",383,39,"HA2","H1 HA2 39","K","K",TRUE,FALSE,"pairwise_align_to_H1_frame_ref_6WCR",0,"6WCR A/Puerto Rico/8/1934 (H1) HA1(7-327)/HA2(1-162)"
"H1N1seasonal","H1","H1 numbering",384,40,"HA2","H1 HA2 40","S","S",TRUE,FALSE,"pairwise_align_to_H1_frame_ref_6WCR",0,"6WCR A/Puerto Rico/8/1934 (H1) HA1(7-327)/HA2(1-162)"
"H1N1seasonal","H1","H1 numbering",385,41,"HA2","H1 HA2 41","T","T",TRUE,FALSE,"pairwise_align_to_H1_frame_ref_6WCR",0,"6WCR A/Puerto Rico/8/1934 (H1) HA1(7-327)/HA2(1-162)"
"H1N1seasonal","H1","H1 numbering",386,42,"HA2","H1 HA2 42","Q","Q",TRUE,FALSE,"pairwise_align_to_H1_frame_ref_6WCR",0,"6WCR A/Puerto Rico/8/1934 (H1) HA1(7-327)/HA2(1-162)"
"H1N1seasonal","H1","H1 numbering",387,43,"HA2","H1 HA2 43","N","N",TRUE,FALSE,"pairwise_align_to_H1_frame_ref_6WCR",0,"6WCR A/Puerto Rico/8/1934 (H1) HA1(7-327)/HA2(1-162)"
"H1N1seasonal","H1","H1 numbering",388,44,"HA2","H1 HA2 44","A","A",TRUE,FALSE,"pairwise_align_to_H1_frame_ref_6WCR",0,"6WCR A/Puerto Rico/8/1934 (H1) HA1(7-327)/HA2(1-162)"
"H1N1seasonal","H1","H1 numbering",389,45,"HA2","H1 HA2 45","I","I",TRUE,FALSE,"pairwise_align_to_H1_frame_ref_6WCR",0,"6WCR A/Puerto Rico/8/1934 (H1) HA1(7-327)/HA2(1-162)"
"H1N1seasonal","H1","H1 numbering",390,46,"HA2","H1 HA2 46","N","N",TRUE,FALSE,"pairwise_align_to_H1_frame_ref_6WCR",0,"6WCR A/Puerto Rico/8/1934 (H1) HA1(7-327)/HA2(1-162)"
"H1N1seasonal","H1","H1 numbering",391,47,"HA2","H1 HA2 47","G","G",TRUE,FALSE,"pairwise_align_to_H1_frame_ref_6WCR",0,"6WCR A/Puerto Rico/8/1934 (H1) HA1(7-327)/HA2(1-162)"
"H1N1seasonal","H1","H1 numbering",392,48,"HA2","H1 HA2 48","I","I",TRUE,FALSE,"pairwise_align_to_H1_frame_ref_6WCR",0,"6WCR A/Puerto Rico/8/1934 (H1) HA1(7-327)/HA2(1-162)"
"H1N1seasonal","H1","H1 numbering",393,49,"HA2","H1 HA2 49","T","T",TRUE,FALSE,"pairwise_align_to_H1_frame_ref_6WCR",0,"6WCR A/Puerto Rico/8/1934 (H1) HA1(7-327)/HA2(1-162)"
"H1N1seasonal","H1","H1 numbering",394,50,"HA2","H1 HA2 50","N","N",TRUE,FALSE,"pairwise_align_to_H1_frame_ref_6WCR",0,"6WCR A/Puerto Rico/8/1934 (H1) HA1(7-327)/HA2(1-162)"
"H1N1seasonal","H1","H1 numbering",395,51,"HA2","H1 HA2 51","K","K",TRUE,FALSE,"pairwise_align_to_H1_frame_ref_6WCR",0,"6WCR A/Puerto Rico/8/1934 (H1) HA1(7-327)/HA2(1-162)"
"H1N1seasonal","H1","H1 numbering",396,52,"HA2","H1 HA2 52","V","V",TRUE,FALSE,"pairwise_align_to_H1_frame_ref_6WCR",0,"6WCR A/Puerto Rico/8/1934 (H1) HA1(7-327)/HA2(1-162)"
"H1N1seasonal","H1","H1 numbering",397,53,"HA2","H1 HA2 53","N","N",TRUE,FALSE,"pairwise_align_to_H1_frame_ref_6WCR",0,"6WCR A/Puerto Rico/8/1934 (H1) HA1(7-327)/HA2(1-162)"
"H1N1seasonal","H1","H1 numbering",398,54,"HA2","H1 HA2 54","S","S",TRUE,FALSE,"pairwise_align_to_H1_frame_ref_6WCR",0,"6WCR A/Puerto Rico/8/1934 (H1) HA1(7-327)/HA2(1-162)"
"H1N1seasonal","H1","H1 numbering",399,55,"HA2","H1 HA2 55","V","V",TRUE,FALSE,"pairwise_align_to_H1_frame_ref_6WCR",0,"6WCR A/Puerto Rico/8/1934 (H1) HA1(7-327)/HA2(1-162)"
"H1N1seasonal","H1","H1 numbering",400,56,"HA2","H1 HA2 56","I","I",TRUE,FALSE,"pairwise_align_to_H1_frame_ref_6WCR",0,"6WCR A/Puerto Rico/8/1934 (H1) HA1(7-327)/HA2(1-162)"
"H1N1seasonal","H1","H1 numbering",401,57,"HA2","H1 HA2 57","E","E",TRUE,FALSE,"pairwise_align_to_H1_frame_ref_6WCR",0,"6WCR A/Puerto Rico/8/1934 (H1) HA1(7-327)/HA2(1-162)"
"H1N1seasonal","H1","H1 numbering",402,58,"HA2","H1 HA2 58","K","K",TRUE,FALSE,"pairwise_align_to_H1_frame_ref_6WCR",0,"6WCR A/Puerto Rico/8/1934 (H1) HA1(7-327)/HA2(1-162)"
"H1N1seasonal","H1","H1 numbering",403,59,"HA2","H1 HA2 59","M","M",TRUE,FALSE,"pairwise_align_to_H1_frame_ref_6WCR",0,"6WCR A/Puerto Rico/8/1934 (H1) HA1(7-327)/HA2(1-162)"
"H1N1seasonal","H1","H1 numbering",404,60,"HA2","H1 HA2 60","N","N",TRUE,FALSE,"pairwise_align_to_H1_frame_ref_6WCR",0,"6WCR A/Puerto Rico/8/1934 (H1) HA1(7-327)/HA2(1-162)"
"H1N1seasonal","H1","H1 numbering",405,61,"HA2","H1 HA2 61","T","T",TRUE,FALSE,"pairwise_align_to_H1_frame_ref_6WCR",0,"6WCR A/Puerto Rico/8/1934 (H1) HA1(7-327)/HA2(1-162)"
"H1N1seasonal","H1","H1 numbering",406,62,"HA2","H1 HA2 62","Q","Q",TRUE,FALSE,"pairwise_align_to_H1_frame_ref_6WCR",0,"6WCR A/Puerto Rico/8/1934 (H1) HA1(7-327)/HA2(1-162)"
"H1N1seasonal","H1","H1 numbering",407,63,"HA2","H1 HA2 63","F","F",TRUE,FALSE,"pairwise_align_to_H1_frame_ref_6WCR",0,"6WCR A/Puerto Rico/8/1934 (H1) HA1(7-327)/HA2(1-162)"
"H1N1seasonal","H1","H1 numbering",408,64,"HA2","H1 HA2 64","T","T",TRUE,FALSE,"pairwise_align_to_H1_frame_ref_6WCR",0,"6WCR A/Puerto Rico/8/1934 (H1) HA1(7-327)/HA2(1-162)"
"H1N1seasonal","H1","H1 numbering",409,65,"HA2","H1 HA2 65","A","A",TRUE,FALSE,"pairwise_align_to_H1_frame_ref_6WCR",0,"6WCR A/Puerto Rico/8/1934 (H1) HA1(7-327)/HA2(1-162)"
"H1N1seasonal","H1","H1 numbering",410,66,"HA2","H1 HA2 66","V","V",TRUE,FALSE,"pairwise_align_to_H1_frame_ref_6WCR",0,"6WCR A/Puerto Rico/8/1934 (H1) HA1(7-327)/HA2(1-162)"
"H1N1seasonal","H1","H1 numbering",411,67,"HA2","H1 HA2 67","G","G",TRUE,FALSE,"pairwise_align_to_H1_frame_ref_6WCR",0,"6WCR A/Puerto Rico/8/1934 (H1) HA1(7-327)/HA2(1-162)"
"H1N1seasonal","H1","H1 numbering",412,68,"HA2","H1 HA2 68","K","K",TRUE,FALSE,"pairwise_align_to_H1_frame_ref_6WCR",0,"6WCR A/Puerto Rico/8/1934 (H1) HA1(7-327)/HA2(1-162)"
"H1N1seasonal","H1","H1 numbering",413,69,"HA2","H1 HA2 69","E","E",TRUE,FALSE,"pairwise_align_to_H1_frame_ref_6WCR",0,"6WCR A/Puerto Rico/8/1934 (H1) HA1(7-327)/HA2(1-162)"
"H1N1seasonal","H1","H1 numbering",414,70,"HA2","H1 HA2 70","F","F",TRUE,FALSE,"pairwise_align_to_H1_frame_ref_6WCR",0,"6WCR A/Puerto Rico/8/1934 (H1) HA1(7-327)/HA2(1-162)"
"H1N1seasonal","H1","H1 numbering",415,71,"HA2","H1 HA2 71","N","N",TRUE,FALSE,"pairwise_align_to_H1_frame_ref_6WCR",0,"6WCR A/Puerto Rico/8/1934 (H1) HA1(7-327)/HA2(1-162)"
"H1N1seasonal","H1","H1 numbering",416,72,"HA2","H1 HA2 72","K","K",TRUE,FALSE,"pairwise_align_to_H1_frame_ref_6WCR",0,"6WCR A/Puerto Rico/8/1934 (H1) HA1(7-327)/HA2(1-162)"
"H1N1seasonal","H1","H1 numbering",417,73,"HA2","H1 HA2 73","L","L",TRUE,FALSE,"pairwise_align_to_H1_frame_ref_6WCR",0,"6WCR A/Puerto Rico/8/1934 (H1) HA1(7-327)/HA2(1-162)"
"H1N1seasonal","H1","H1 numbering",418,74,"HA2","H1 HA2 74","E","E",TRUE,FALSE,"pairwise_align_to_H1_frame_ref_6WCR",0,"6WCR A/Puerto Rico/8/1934 (H1) HA1(7-327)/HA2(1-162)"
"H1N1seasonal","H1","H1 numbering",419,75,"HA2","H1 HA2 75","R","R",TRUE,FALSE,"pairwise_align_to_H1_frame_ref_6WCR",0,"6WCR A/Puerto Rico/8/1934 (H1) HA1(7-327)/HA2(1-162)"
"H1N1seasonal","H1","H1 numbering",420,76,"HA2","H1 HA2 76","R","R",TRUE,FALSE,"pairwise_align_to_H1_frame_ref_6WCR",0,"6WCR A/Puerto Rico/8/1934 (H1) HA1(7-327)/HA2(1-162)"
"H1N1seasonal","H1","H1 numbering",421,77,"HA2","H1 HA2 77","M","M",TRUE,FALSE,"pairwise_align_to_H1_frame_ref_6WCR",0,"6WCR A/Puerto Rico/8/1934 (H1) HA1(7-327)/HA2(1-162)"
"H1N1seasonal","H1","H1 numbering",422,78,"HA2","H1 HA2 78","E","E",TRUE,FALSE,"pairwise_align_to_H1_frame_ref_6WCR",0,"6WCR A/Puerto Rico/8/1934 (H1) HA1(7-327)/HA2(1-162)"
"H1N1seasonal","H1","H1 numbering",423,79,"HA2","H1 HA2 79","N","N",TRUE,FALSE,"pairwise_align_to_H1_frame_ref_6WCR",0,"6WCR A/Puerto Rico/8/1934 (H1) HA1(7-327)/HA2(1-162)"
"H1N1seasonal","H1","H1 numbering",424,80,"HA2","H1 HA2 80","L","L",TRUE,FALSE,"pairwise_align_to_H1_frame_ref_6WCR",0,"6WCR A/Puerto Rico/8/1934 (H1) HA1(7-327)/HA2(1-162)"
"H1N1seasonal","H1","H1 numbering",425,81,"HA2","H1 HA2 81","N","N",TRUE,FALSE,"pairwise_align_to_H1_frame_ref_6WCR",0,"6WCR A/Puerto Rico/8/1934 (H1) HA1(7-327)/HA2(1-162)"
"H1N1seasonal","H1","H1 numbering",426,82,"HA2","H1 HA2 82","K","K",TRUE,FALSE,"pairwise_align_to_H1_frame_ref_6WCR",0,"6WCR A/Puerto Rico/8/1934 (H1) HA1(7-327)/HA2(1-162)"
"H1N1seasonal","H1","H1 numbering",427,83,"HA2","H1 HA2 83","K","K",TRUE,FALSE,"pairwise_align_to_H1_frame_ref_6WCR",0,"6WCR A/Puerto Rico/8/1934 (H1) HA1(7-327)/HA2(1-162)"
"H1N1seasonal","H1","H1 numbering",428,84,"HA2","H1 HA2 84","V","V",TRUE,FALSE,"pairwise_align_to_H1_frame_ref_6WCR",0,"6WCR A/Puerto Rico/8/1934 (H1) HA1(7-327)/HA2(1-162)"
"H1N1seasonal","H1","H1 numbering",429,85,"HA2","H1 HA2 85","D","D",TRUE,FALSE,"pairwise_align_to_H1_frame_ref_6WCR",0,"6WCR A/Puerto Rico/8/1934 (H1) HA1(7-327)/HA2(1-162)"
"H1N1seasonal","H1","H1 numbering",430,86,"HA2","H1 HA2 86","D","D",TRUE,FALSE,"pairwise_align_to_H1_frame_ref_6WCR",0,"6WCR A/Puerto Rico/8/1934 (H1) HA1(7-327)/HA2(1-162)"
"H1N1seasonal","H1","H1 numbering",431,87,"HA2","H1 HA2 87","G","G",TRUE,FALSE,"pairwise_align_to_H1_frame_ref_6WCR",0,"6WCR A/Puerto Rico/8/1934 (H1) HA1(7-327)/HA2(1-162)"
"H1N1seasonal","H1","H1 numbering",432,88,"HA2","H1 HA2 88","F","F",TRUE,FALSE,"pairwise_align_to_H1_frame_ref_6WCR",0,"6WCR A/Puerto Rico/8/1934 (H1) HA1(7-327)/HA2(1-162)"
"H1N1seasonal","H1","H1 numbering",433,89,"HA2","H1 HA2 89","I","I",TRUE,FALSE,"pairwise_align_to_H1_frame_ref_6WCR",0,"6WCR A/Puerto Rico/8/1934 (H1) HA1(7-327)/HA2(1-162)"
"H1N1seasonal","H1","H1 numbering",434,90,"HA2","H1 HA2 90","D","D",TRUE,FALSE,"pairwise_align_to_H1_frame_ref_6WCR",0,"6WCR A/Puerto Rico/8/1934 (H1) HA1(7-327)/HA2(1-162)"
"H1N1seasonal","H1","H1 numbering",435,91,"HA2","H1 HA2 91","I","I",TRUE,FALSE,"pairwise_align_to_H1_frame_ref_6WCR",0,"6WCR A/Puerto Rico/8/1934 (H1) HA1(7-327)/HA2(1-162)"
"H1N1seasonal","H1","H1 numbering",436,92,"HA2","H1 HA2 92","W","W",TRUE,FALSE,"pairwise_align_to_H1_frame_ref_6WCR",0,"6WCR A/Puerto Rico/8/1934 (H1) HA1(7-327)/HA2(1-162)"
"H1N1seasonal","H1","H1 numbering",437,93,"HA2","H1 HA2 93","T","T",TRUE,FALSE,"pairwise_align_to_H1_frame_ref_6WCR",0,"6WCR A/Puerto Rico/8/1934 (H1) HA1(7-327)/HA2(1-162)"
"H1N1seasonal","H1","H1 numbering",438,94,"HA2","H1 HA2 94","Y","Y",TRUE,FALSE,"pairwise_align_to_H1_frame_ref_6WCR",0,"6WCR A/Puerto Rico/8/1934 (H1) HA1(7-327)/HA2(1-162)"
"H1N1seasonal","H1","H1 numbering",439,95,"HA2","H1 HA2 95","N","N",TRUE,FALSE,"pairwise_align_to_H1_frame_ref_6WCR",0,"6WCR A/Puerto Rico/8/1934 (H1) HA1(7-327)/HA2(1-162)"
"H1N1seasonal","H1","H1 numbering",440,96,"HA2","H1 HA2 96","A","A",TRUE,FALSE,"pairwise_align_to_H1_frame_ref_6WCR",0,"6WCR A/Puerto Rico/8/1934 (H1) HA1(7-327)/HA2(1-162)"
"H1N1seasonal","H1","H1 numbering",441,97,"HA2","H1 HA2 97","E","E",TRUE,FALSE,"pairwise_align_to_H1_frame_ref_6WCR",0,"6WCR A/Puerto Rico/8/1934 (H1) HA1(7-327)/HA2(1-162)"
"H1N1seasonal","H1","H1 numbering",442,98,"HA2","H1 HA2 98","L","L",TRUE,FALSE,"pairwise_align_to_H1_frame_ref_6WCR",0,"6WCR A/Puerto Rico/8/1934 (H1) HA1(7-327)/HA2(1-162)"
"H1N1seasonal","H1","H1 numbering",443,99,"HA2","H1 HA2 99","L","L",TRUE,FALSE,"pairwise_align_to_H1_frame_ref_6WCR",0,"6WCR A/Puerto Rico/8/1934 (H1) HA1(7-327)/HA2(1-162)"
"H1N1seasonal","H1","H1 numbering",444,100,"HA2","H1 HA2 100","V","V",TRUE,FALSE,"pairwise_align_to_H1_frame_ref_6WCR",0,"6WCR A/Puerto Rico/8/1934 (H1) HA1(7-327)/HA2(1-162)"
"H1N1seasonal","H1","H1 numbering",445,101,"HA2","H1 HA2 101","L","L",TRUE,FALSE,"pairwise_align_to_H1_frame_ref_6WCR",0,"6WCR A/Puerto Rico/8/1934 (H1) HA1(7-327)/HA2(1-162)"
"H1N1seasonal","H1","H1 numbering",446,102,"HA2","H1 HA2 102","L","L",TRUE,FALSE,"pairwise_align_to_H1_frame_ref_6WCR",0,"6WCR A/Puerto Rico/8/1934 (H1) HA1(7-327)/HA2(1-162)"
"H1N1seasonal","H1","H1 numbering",447,103,"HA2","H1 HA2 103","E","E",TRUE,FALSE,"pairwise_align_to_H1_frame_ref_6WCR",0,"6WCR A/Puerto Rico/8/1934 (H1) HA1(7-327)/HA2(1-162)"
"H1N1seasonal","H1","H1 numbering",448,104,"HA2","H1 HA2 104","N","N",TRUE,FALSE,"pairwise_align_to_H1_frame_ref_6WCR",0,"6WCR A/Puerto Rico/8/1934 (H1) HA1(7-327)/HA2(1-162)"
"H1N1seasonal","H1","H1 numbering",449,105,"HA2","H1 HA2 105","E","E",TRUE,FALSE,"pairwise_align_to_H1_frame_ref_6WCR",0,"6WCR A/Puerto Rico/8/1934 (H1) HA1(7-327)/HA2(1-162)"
"H1N1seasonal","H1","H1 numbering",450,106,"HA2","H1 HA2 106","R","R",TRUE,FALSE,"pairwise_align_to_H1_frame_ref_6WCR",0,"6WCR A/Puerto Rico/8/1934 (H1) HA1(7-327)/HA2(1-162)"
"H1N1seasonal","H1","H1 numbering",451,107,"HA2","H1 HA2 107","T","T",TRUE,FALSE,"pairwise_align_to_H1_frame_ref_6WCR",0,"6WCR A/Puerto Rico/8/1934 (H1) HA1(7-327)/HA2(1-162)"
"H1N1seasonal","H1","H1 numbering",452,108,"HA2","H1 HA2 108","L","L",TRUE,FALSE,"pairwise_align_to_H1_frame_ref_6WCR",0,"6WCR A/Puerto Rico/8/1934 (H1) HA1(7-327)/HA2(1-162)"
"H1N1seasonal","H1","H1 numbering",453,109,"HA2","H1 HA2 109","D","D",TRUE,FALSE,"pairwise_align_to_H1_frame_ref_6WCR",0,"6WCR A/Puerto Rico/8/1934 (H1) HA1(7-327)/HA2(1-162)"
"H1N1seasonal","H1","H1 numbering",454,110,"HA2","H1 HA2 110","F","F",TRUE,FALSE,"pairwise_align_to_H1_frame_ref_6WCR",0,"6WCR A/Puerto Rico/8/1934 (H1) HA1(7-327)/HA2(1-162)"
"H1N1seasonal","H1","H1 numbering",455,111,"HA2","H1 HA2 111","H","H",TRUE,FALSE,"pairwise_align_to_H1_frame_ref_6WCR",0,"6WCR A/Puerto Rico/8/1934 (H1) HA1(7-327)/HA2(1-162)"
"H1N1seasonal","H1","H1 numbering",456,112,"HA2","H1 HA2 112","D","D",TRUE,FALSE,"pairwise_align_to_H1_frame_ref_6WCR",0,"6WCR A/Puerto Rico/8/1934 (H1) HA1(7-327)/HA2(1-162)"
"H1N1seasonal","H1","H1 numbering",457,113,"HA2","H1 HA2 113","S","S",TRUE,FALSE,"pairwise_align_to_H1_frame_ref_6WCR",0,"6WCR A/Puerto Rico/8/1934 (H1) HA1(7-327)/HA2(1-162)"
"H1N1seasonal","H1","H1 numbering",458,114,"HA2","H1 HA2 114","N","N",TRUE,FALSE,"pairwise_align_to_H1_frame_ref_6WCR",0,"6WCR A/Puerto Rico/8/1934 (H1) HA1(7-327)/HA2(1-162)"
"H1N1seasonal","H1","H1 numbering",459,115,"HA2","H1 HA2 115","V","V",TRUE,FALSE,"pairwise_align_to_H1_frame_ref_6WCR",0,"6WCR A/Puerto Rico/8/1934 (H1) HA1(7-327)/HA2(1-162)"
"H1N1seasonal","H1","H1 numbering",460,116,"HA2","H1 HA2 116","K","K",TRUE,FALSE,"pairwise_align_to_H1_frame_ref_6WCR",0,"6WCR A/Puerto Rico/8/1934 (H1) HA1(7-327)/HA2(1-162)"
"H1N1seasonal","H1","H1 numbering",461,117,"HA2","H1 HA2 117","N","N",TRUE,FALSE,"pairwise_align_to_H1_frame_ref_6WCR",0,"6WCR A/Puerto Rico/8/1934 (H1) HA1(7-327)/HA2(1-162)"
"H1N1seasonal","H1","H1 numbering",462,118,"HA2","H1 HA2 118","L","L",TRUE,FALSE,"pairwise_align_to_H1_frame_ref_6WCR",0,"6WCR A/Puerto Rico/8/1934 (H1) HA1(7-327)/HA2(1-162)"
"H1N1seasonal","H1","H1 numbering",463,119,"HA2","H1 HA2 119","Y","Y",TRUE,FALSE,"pairwise_align_to_H1_frame_ref_6WCR",0,"6WCR A/Puerto Rico/8/1934 (H1) HA1(7-327)/HA2(1-162)"
"H1N1seasonal","H1","H1 numbering",464,120,"HA2","H1 HA2 120","E","E",TRUE,FALSE,"pairwise_align_to_H1_frame_ref_6WCR",0,"6WCR A/Puerto Rico/8/1934 (H1) HA1(7-327)/HA2(1-162)"
"H1N1seasonal","H1","H1 numbering",465,121,"HA2","H1 HA2 121","K","K",TRUE,FALSE,"pairwise_align_to_H1_frame_ref_6WCR",0,"6WCR A/Puerto Rico/8/1934 (H1) HA1(7-327)/HA2(1-162)"
"H1N1seasonal","H1","H1 numbering",466,122,"HA2","H1 HA2 122","V","V",TRUE,FALSE,"pairwise_align_to_H1_frame_ref_6WCR",0,"6WCR A/Puerto Rico/8/1934 (H1) HA1(7-327)/HA2(1-162)"
"H1N1seasonal","H1","H1 numbering",467,123,"HA2","H1 HA2 123","K","K",TRUE,FALSE,"pairwise_align_to_H1_frame_ref_6WCR",0,"6WCR A/Puerto Rico/8/1934 (H1) HA1(7-327)/HA2(1-162)"
"H1N1seasonal","H1","H1 numbering",468,124,"HA2","H1 HA2 124","S","S",TRUE,FALSE,"pairwise_align_to_H1_frame_ref_6WCR",0,"6WCR A/Puerto Rico/8/1934 (H1) HA1(7-327)/HA2(1-162)"
"H1N1seasonal","H1","H1 numbering",469,125,"HA2","H1 HA2 125","Q","Q",TRUE,FALSE,"pairwise_align_to_H1_frame_ref_6WCR",0,"6WCR A/Puerto Rico/8/1934 (H1) HA1(7-327)/HA2(1-162)"
"H1N1seasonal","H1","H1 numbering",470,126,"HA2","H1 HA2 126","L","L",TRUE,FALSE,"pairwise_align_to_H1_frame_ref_6WCR",0,"6WCR A/Puerto Rico/8/1934 (H1) HA1(7-327)/HA2(1-162)"
"H1N1seasonal","H1","H1 numbering",471,127,"HA2","H1 HA2 127","K","K",TRUE,FALSE,"pairwise_align_to_H1_frame_ref_6WCR",0,"6WCR A/Puerto Rico/8/1934 (H1) HA1(7-327)/HA2(1-162)"
"H1N1seasonal","H1","H1 numbering",472,128,"HA2","H1 HA2 128","N","N",TRUE,FALSE,"pairwise_align_to_H1_frame_ref_6WCR",0,"6WCR A/Puerto Rico/8/1934 (H1) HA1(7-327)/HA2(1-162)"
"H1N1seasonal","H1","H1 numbering",473,129,"HA2","H1 HA2 129","N","N",TRUE,FALSE,"pairwise_align_to_H1_frame_ref_6WCR",0,"6WCR A/Puerto Rico/8/1934 (H1) HA1(7-327)/HA2(1-162)"
"H1N1seasonal","H1","H1 numbering",474,130,"HA2","H1 HA2 130","A","A",TRUE,FALSE,"pairwise_align_to_H1_frame_ref_6WCR",0,"6WCR A/Puerto Rico/8/1934 (H1) HA1(7-327)/HA2(1-162)"
"H1N1seasonal","H1","H1 numbering",475,131,"HA2","H1 HA2 131","K","K",TRUE,FALSE,"pairwise_align_to_H1_frame_ref_6WCR",0,"6WCR A/Puerto Rico/8/1934 (H1) HA1(7-327)/HA2(1-162)"
"H1N1seasonal","H1","H1 numbering",476,132,"HA2","H1 HA2 132","E","E",TRUE,FALSE,"pairwise_align_to_H1_frame_ref_6WCR",0,"6WCR A/Puerto Rico/8/1934 (H1) HA1(7-327)/HA2(1-162)"
"H1N1seasonal","H1","H1 numbering",477,133,"HA2","H1 HA2 133","I","I",TRUE,FALSE,"pairwise_align_to_H1_frame_ref_6WCR",0,"6WCR A/Puerto Rico/8/1934 (H1) HA1(7-327)/HA2(1-162)"
"H1N1seasonal","H1","H1 numbering",478,134,"HA2","H1 HA2 134","G","G",TRUE,FALSE,"pairwise_align_to_H1_frame_ref_6WCR",0,"6WCR A/Puerto Rico/8/1934 (H1) HA1(7-327)/HA2(1-162)"
"H1N1seasonal","H1","H1 numbering",479,135,"HA2","H1 HA2 135","N","N",TRUE,FALSE,"pairwise_align_to_H1_frame_ref_6WCR",0,"6WCR A/Puerto Rico/8/1934 (H1) HA1(7-327)/HA2(1-162)"
"H1N1seasonal","H1","H1 numbering",480,136,"HA2","H1 HA2 136","G","G",TRUE,FALSE,"pairwise_align_to_H1_frame_ref_6WCR",0,"6WCR A/Puerto Rico/8/1934 (H1) HA1(7-327)/HA2(1-162)"
"H1N1seasonal","H1","H1 numbering",481,137,"HA2","H1 HA2 137","C","C",TRUE,FALSE,"pairwise_align_to_H1_frame_ref_6WCR",0,"6WCR A/Puerto Rico/8/1934 (H1) HA1(7-327)/HA2(1-162)"
"H1N1seasonal","H1","H1 numbering",482,138,"HA2","H1 HA2 138","F","F",TRUE,FALSE,"pairwise_align_to_H1_frame_ref_6WCR",0,"6WCR A/Puerto Rico/8/1934 (H1) HA1(7-327)/HA2(1-162)"
"H1N1seasonal","H1","H1 numbering",483,139,"HA2","H1 HA2 139","E","E",TRUE,FALSE,"pairwise_align_to_H1_frame_ref_6WCR",0,"6WCR A/Puerto Rico/8/1934 (H1) HA1(7-327)/HA2(1-162)"
"H1N1seasonal","H1","H1 numbering",484,140,"HA2","H1 HA2 140","F","F",TRUE,FALSE,"pairwise_align_to_H1_frame_ref_6WCR",0,"6WCR A/Puerto Rico/8/1934 (H1) HA1(7-327)/HA2(1-162)"
"H1N1seasonal","H1","H1 numbering",485,141,"HA2","H1 HA2 141","Y","Y",TRUE,FALSE,"pairwise_align_to_H1_frame_ref_6WCR",0,"6WCR A/Puerto Rico/8/1934 (H1) HA1(7-327)/HA2(1-162)"
"H1N1seasonal","H1","H1 numbering",486,142,"HA2","H1 HA2 142","H","H",TRUE,FALSE,"pairwise_align_to_H1_frame_ref_6WCR",0,"6WCR A/Puerto Rico/8/1934 (H1) HA1(7-327)/HA2(1-162)"
"H1N1seasonal","H1","H1 numbering",487,143,"HA2","H1 HA2 143","K","K",TRUE,FALSE,"pairwise_align_to_H1_frame_ref_6WCR",0,"6WCR A/Puerto Rico/8/1934 (H1) HA1(7-327)/HA2(1-162)"
"H1N1seasonal","H1","H1 numbering",488,144,"HA2","H1 HA2 144","C","C",TRUE,FALSE,"pairwise_align_to_H1_frame_ref_6WCR",0,"6WCR A/Puerto Rico/8/1934 (H1) HA1(7-327)/HA2(1-162)"
"H1N1seasonal","H1","H1 numbering",489,145,"HA2","H1 HA2 145","N","N",TRUE,FALSE,"pairwise_align_to_H1_frame_ref_6WCR",0,"6WCR A/Puerto Rico/8/1934 (H1) HA1(7-327)/HA2(1-162)"
"H1N1seasonal","H1","H1 numbering",490,146,"HA2","H1 HA2 146","D","D",TRUE,FALSE,"pairwise_align_to_H1_frame_ref_6WCR",0,"6WCR A/Puerto Rico/8/1934 (H1) HA1(7-327)/HA2(1-162)"
"H1N1seasonal","H1","H1 numbering",491,147,"HA2","H1 HA2 147","E","E",TRUE,FALSE,"pairwise_align_to_H1_frame_ref_6WCR",0,"6WCR A/Puerto Rico/8/1934 (H1) HA1(7-327)/HA2(1-162)"
"H1N1seasonal","H1","H1 numbering",492,148,"HA2","H1 HA2 148","C","C",TRUE,FALSE,"pairwise_align_to_H1_frame_ref_6WCR",0,"6WCR A/Puerto Rico/8/1934 (H1) HA1(7-327)/HA2(1-162)"
"H1N1seasonal","H1","H1 numbering",493,149,"HA2","H1 HA2 149","M","M",TRUE,FALSE,"pairwise_align_to_H1_frame_ref_6WCR",0,"6WCR A/Puerto Rico/8/1934 (H1) HA1(7-327)/HA2(1-162)"
"H1N1seasonal","H1","H1 numbering",494,150,"HA2","H1 HA2 150","E","E",TRUE,FALSE,"pairwise_align_to_H1_frame_ref_6WCR",0,"6WCR A/Puerto Rico/8/1934 (H1) HA1(7-327)/HA2(1-162)"
"H1N1seasonal","H1","H1 numbering",495,151,"HA2","H1 HA2 151","S","S",TRUE,FALSE,"pairwise_align_to_H1_frame_ref_6WCR",0,"6WCR A/Puerto Rico/8/1934 (H1) HA1(7-327)/HA2(1-162)"
"H1N1seasonal","H1","H1 numbering",496,152,"HA2","H1 HA2 152","V","V",TRUE,FALSE,"pairwise_align_to_H1_frame_ref_6WCR",0,"6WCR A/Puerto Rico/8/1934 (H1) HA1(7-327)/HA2(1-162)"
"H1N1seasonal","H1","H1 numbering",497,153,"HA2","H1 HA2 153","K","K",TRUE,FALSE,"pairwise_align_to_H1_frame_ref_6WCR",0,"6WCR A/Puerto Rico/8/1934 (H1) HA1(7-327)/HA2(1-162)"
"H1N1seasonal","H1","H1 numbering",498,154,"HA2","H1 HA2 154","N","N",TRUE,FALSE,"pairwise_align_to_H1_frame_ref_6WCR",0,"6WCR A/Puerto Rico/8/1934 (H1) HA1(7-327)/HA2(1-162)"
"H1N1seasonal","H1","H1 numbering",499,155,"HA2","H1 HA2 155","G","G",TRUE,FALSE,"pairwise_align_to_H1_frame_ref_6WCR",0,"6WCR A/Puerto Rico/8/1934 (H1) HA1(7-327)/HA2(1-162)"
"H1N1seasonal","H1","H1 numbering",500,156,"HA2","H1 HA2 156","T","T",TRUE,FALSE,"pairwise_align_to_H1_frame_ref_6WCR",0,"6WCR A/Puerto Rico/8/1934 (H1) HA1(7-327)/HA2(1-162)"
"H1N1seasonal","H1","H1 numbering",501,157,"HA2","H1 HA2 157","Y","Y",TRUE,FALSE,"pairwise_align_to_H1_frame_ref_6WCR",0,"6WCR A/Puerto Rico/8/1934 (H1) HA1(7-327)/HA2(1-162)"
"H1N1seasonal","H1","H1 numbering",502,158,"HA2","H1 HA2 158","D","D",TRUE,FALSE,"pairwise_align_to_H1_frame_ref_6WCR",0,"6WCR A/Puerto Rico/8/1934 (H1) HA1(7-327)/HA2(1-162)"
"H1N1seasonal","H1","H1 numbering",503,159,"HA2","H1 HA2 159","Y","Y",TRUE,FALSE,"pairwise_align_to_H1_frame_ref_6WCR",0,"6WCR A/Puerto Rico/8/1934 (H1) HA1(7-327)/HA2(1-162)"
"H1N1seasonal","H1","H1 numbering",504,160,"HA2","H1 HA2 160","P","P",TRUE,FALSE,"pairwise_align_to_H1_frame_ref_6WCR",0,"6WCR A/Puerto Rico/8/1934 (H1) HA1(7-327)/HA2(1-162)"
"H1N1seasonal","H1","H1 numbering",505,161,"HA2","H1 HA2 161","K","K",TRUE,FALSE,"pairwise_align_to_H1_frame_ref_6WCR",0,"6WCR A/Puerto Rico/8/1934 (H1) HA1(7-327)/HA2(1-162)"
"H1N1seasonal","H1","H1 numbering",506,162,"HA2","H1 HA2 162","Y","Y",TRUE,FALSE,"pairwise_align_to_H1_frame_ref_6WCR",0,"6WCR A/Puerto Rico/8/1934 (H1) HA1(7-327)/HA2(1-162)"
